COD,intercept,slope,mk_p_value,Trend_Class
ATZARA_1,0.7672139839199964,-2.1109475301677266e-5,0.2888443663464849,0
ATZARA_10,0.7439157254571964,-1.1140449590218155e-5,0.6206179464376897,0
ATZARA_11,0.7555200780477171,-2.205627386562864e-5,0.05623780387727595,0
ATZARA_12,0.8088792907000601,-2.08269448538756e-5,1,0
ATZARA_13,0.74036960017547,-3.94082061416709e-5,0.008888969943914301,2
ATZARA_14,0.7312127164044393,-3.860511802437496e-6,0.8320040285726366,0
ATZARA_15,0.6968610199491629,7.215569575584018e-6,0.8320040285726366,0
ATZARA_16,0.7680012283857263,-2.2897920532159367e-5,0.05623780387727595,0
ATZARA_17,0.6702719792462158,-2.524824277447213e-6,0.9436280222029834,0
ATZARA_18,0.7597154460013877,-1.9251646562963538e-5,0.13756389390990334,0
ATZARA_19,0.7846483741791977,-2.869941060289611e-5,0.17910919272672204,0
ATZARA_2,0.7748886023319712,-1.602223116746982e-5,0.43667663367489096,0
ATZARA_20,0.8019581572456913,-2.1979170294391972e-5,0.17910919272672204,0
ATZARA_21,0.8114390218068092,-4.231402574455918e-5,0.019624414976639703,1
ATZARA_23,0.6970245103542909,-1.7058878776183283e-5,0.35797067264432814,0
ATZARA_24,0.715359114657135,-2.112565313905609e-5,0.35797067264432814,0
ATZARA_25,0.7195956577951139,-1.441404957163105e-6,0.35797067264432814,0
ATZARA_26,0.7876373193134817,-3.0175680498337088e-5,0.35797067264432814,0
ATZARA_27,0.7632112706684688,-2.6173731343271623e-5,0.17910919272672204,0
ATZARA_28,0.7104040136473868,-9.46835454205439e-6,0.8320040285726366,0
ATZARA_29,0.6966011710450155,7.446764758395269e-7,0.6206179464376897,0
ATZARA_3,0.7528006553929958,-9.143310383163514e-6,0.5245182802130763,0
ATZARA_30,0.7648898845770553,-2.420573869976851e-5,0.43667663367489096,0
ATZARA_31,0.7628978846874914,-1.8443468518043053e-5,0.5245182802130763,0
ATZARA_32,0.7180270812024329,-9.564754296875567e-6,0.5245182802130763,0
ATZARA_33,0.7831611811349067,-3.035605226248968e-5,0.02837726673798745,1
ATZARA_34,0.748109689722317,-8.109045220301251e-6,0.9436280222029834,0
ATZARA_35,0.7783621505620957,-1.301846652601728e-5,0.6206179464376897,0
ATZARA_36,0.7219040822922971,-1.2593349128128137e-5,0.7236736098317631,0
ATZARA_37,0.7350036503005541,-4.061274399044921e-6,0.5245182802130763,0
ATZARA_39,0.7447090051544438,-5.847377934316236e-6,0.5245182802130763,0
ATZARA_4,0.7915469022284601,-2.345812162063946e-5,0.9436280222029834,0
ATZARA_40,0.774637098096673,-2.8723361468424694e-5,0.5245182802130763,0
ATZARA_41,0.737550973892212,-5.8059479753663585e-6,0.8320040285726366,0
ATZARA_42,0.733008721214478,3.276778579527256e-7,0.7236736098317631,0
ATZARA_43,0.727129915909775,-7.605549533902532e-6,0.8320040285726366,0
ATZARA_44,0.7660608459158027,-1.577141864880575e-5,0.35797067264432814,0
ATZARA_45,0.7957095962179741,-2.35796999037746e-5,0.5245182802130763,0
ATZARA_46,0.7728220640387192,-1.3419836526373987e-5,0.7236736098317631,0
ATZARA_47,0.7989008495641602,-2.9687690082697842e-5,0.02837726673798745,1
ATZARA_48,0.7582876266419237,-2.451290007233303e-5,0.13756389390990334,0
ATZARA_49,0.7410528753269192,-8.012303181692104e-6,0.9436280222029834,0
ATZARA_5,0.7861704313064124,-1.9014826434584413e-5,0.6206179464376897,0
ATZARA_50,0.7227581537749295,-5.888265755551712e-6,0.43667663367489096,0
ATZARA_51,0.7453205855852181,-2.296205168470977e-5,0.7236736098317631,0
ATZARA_52,0.7386856472424177,-5.613683777695849e-6,0.6206179464376897,0
ATZARA_53,0.727924516495781,-2.0809175395573845e-5,0.43667663367489096,0
ATZARA_54,0.8047066744367708,-1.807689706226452e-5,0.9436280222029834,0
ATZARA_55,0.8047066744367708,-1.807689706226452e-5,0.9436280222029834,0
ATZARA_57,0.7716127052900953,-1.8937469370886964e-5,0.43667663367489096,0
ATZARA_58,0.7632022689671291,-4.310337079896154e-6,0.5245182802130763,0
ATZARA_59,0.7620484974950825,-1.3507303175394144e-5,0.22933194239164753,0
ATZARA_6,0.7731888024780746,-3.2643278638323676e-5,0.103876157063085,0
ATZARA_60,0.7842748320877215,-3.35969584521914e-5,0.17910919272672204,0
ATZARA_61,0.802900016307831,-1.962874841524143e-5,0.8320040285726366,0
ATZARA_62,0.8004393950370883,-2.0984581111983275e-5,0.9436280222029834,0
ATZARA_64,0.7399507574151795,-2.2163476821973674e-5,0.9436280222029834,0
ATZARA_65,0.7233326064698822,-2.01559044504224e-5,0.22933194239164753,0
ATZARA_66,0.7829722380099045,-2.131398922164312e-5,0.35797067264432814,0
ATZARA_67,0.751817781128588,-1.7044178008740094e-5,0.6206179464376897,0
ATZARA_68,0.7477000533232896,-3.864403771633677e-5,3.106603426391905e-4,3
ATZARA_69,0.6852229768388416,-6.129411945547588e-6,1,0
ATZARA_7,0.724008842612657,1.2051650512976641e-5,0.5245182802130763,0
ATZARA_70,0.701351161076943,-1.2658066313582258e-5,0.35797067264432814,0
ATZARA_71,0.7106115859092577,-9.363554801047534e-6,0.9436280222029834,0
ATZARA_72,0.7165629730277111,-5.962561731057598e-6,1,0
ATZARA_73,0.7271615545502865,2.974735167543323e-6,0.8320040285726366,0
ATZARA_74,0.7367052432175996,-1.9840979499089964e-5,0.8320040285726366,0
ATZARA_75,0.7170034898355586,-2.643080395564695e-5,0.9436280222029834,0
ATZARA_76,0.7547046393156049,2.0920651610456923e-6,0.7236736098317631,0
ATZARA_77,0.7238950619675157,-4.2533861545511145e-6,0.43667663367489096,0
ATZARA_78,0.7698559700255265,-2.25043558812425e-5,0.103876157063085,0
ATZARA_79,0.6962451862496817,-1.1912924892388295e-6,0.8320040285726366,0
ATZARA_8,0.7588645567128467,-1.227873042430789e-5,0.6206179464376897,0
ATZARA_81,0.7681916338861671,-1.871774040623571e-5,0.13756389390990334,0
ATZARA_82,0.753007564352161,-1.6493367783770818e-5,0.35797067264432814,0
ATZARA_9,0.7599118651931792,-1.237266243191218e-5,0.5245182802130763,0
FUNTANA_SASSA_100,0.6796585294959546,-4.090390400687593e-5,0.019624414976639703,1
FUNTANA_SASSA_101,0.6609551859829337,-5.293522735017614e-5,0.002361392962674657,2
FUNTANA_SASSA_102,0.7012671155750443,-3.2155331911382554e-5,0.003741903955543126,2
FUNTANA_SASSA_104,0.6659492379659585,-6.358075916029439e-5,0.0014627165866811518,2
FUNTANA_SASSA_105,0.658707439899445,-5.700367340486823e-5,0.002361392962674657,2
FUNTANA_SASSA_106,0.658301113139553,-6.393951682790258e-5,5.305801122510547e-4,3
FUNTANA_SASSA_108,0.6612514083068897,-5.769624352608989e-5,0.005820666407810881,2
FUNTANA_SASSA_112,0.7397549906553369,-4.224417968720511e-5,0.0770998717435418,0
FUNTANA_SASSA_113,0.6982908205650622,-2.3042334162237053e-5,0.7236736098317631,0
FUNTANA_SASSA_114,0.6976676768859799,-4.689485501319155e-5,0.04030497436254078,1
FUNTANA_SASSA_115,0.7141352110402855,-4.1758019417942496e-5,0.13756389390990334,0
FUNTANA_SASSA_117,0.7509998712404611,-8.036239283241119e-6,0.5245182802130763,0
FUNTANA_SASSA_118,0.7553562181936847,-3.7256374183525836e-5,0.05623780387727595,0
FUNTANA_SASSA_119,0.7461157257821063,-2.2948788236918917e-5,0.6206179464376897,0
FUNTANA_SASSA_120,0.717480927705765,-2.3168840466230536e-5,0.2888443663464849,0
FUNTANA_SASSA_121,0.720767356744288,-1.602297763361167e-5,0.7236736098317631,0
FUNTANA_SASSA_125,0.7234694458110937,-7.858773732695651e-5,8.398211315215924e-6,3
FUNTANA_SASSA_126,0.673804267779365,-3.536864535423893e-5,0.003741903955543126,2
FUNTANA_SASSA_127,0.7277558054519989,-3.543748472209728e-5,0.35797067264432814,0
FUNTANA_SASSA_128,0.706890695037312,-7.204148025988295e-5,1.6079825760167015e-5,3
FUNTANA_SASSA_130,0.634492907739396,-4.208377858684164e-5,0.002361392962674657,2
FUNTANA_SASSA_132,0.701999995241598,-4.200175962723956e-5,0.013328328780817557,1
FUNTANA_SASSA_136,0.727384626865387,-4.1515779054588775e-5,0.05623780387727595,0
FUNTANA_SASSA_139,0.693035542964935,-1.17231397858006e-5,0.8320040285726366,0
FUNTANA_SASSA_14,0.6888276681072238,-6.032412482303712e-5,0.005820666407810881,2
FUNTANA_SASSA_140,0.6767097439870827,-3.465834286129241e-5,0.43667663367489096,0
FUNTANA_SASSA_141,0.6820456590464826,-3.745698702555161e-5,0.22933194239164753,0
FUNTANA_SASSA_143,0.6831138629591325,-5.8904925669383136e-5,0.005820666407810881,2
FUNTANA_SASSA_148,0.7057058054810861,-6.126842152110271e-5,0.0014627165866811518,2
FUNTANA_SASSA_149,0.6752201760067555,-2.4749356873535426e-5,0.0770998717435418,0
FUNTANA_SASSA_156,0.7110698326052396,-2.670161320650925e-6,0.22933194239164753,0
FUNTANA_SASSA_16,0.6826983102218283,-5.564804695254513e-5,8.892670321324559e-4,3
FUNTANA_SASSA_17,0.6568366570437698,-2.865023356907776e-5,0.02837726673798745,1
FUNTANA_SASSA_18,0.6547870198393326,-4.451385662927309e-5,8.892670321324559e-4,3
FUNTANA_SASSA_2,0.6285825394751392,-8.849335189020419e-5,0.0014627165866811518,2
FUNTANA_SASSA_20,0.6679053948445798,-5.663454881595597e-5,0.013328328780817557,1
FUNTANA_SASSA_25,0.651316058187312,-3.369963339624125e-5,0.02837726673798745,1
FUNTANA_SASSA_26,0.6962025267797531,-4.474663946157936e-5,0.04030497436254078,1
FUNTANA_SASSA_27,0.6474983105049703,-2.997555802540364e-5,0.13756389390990334,0
FUNTANA_SASSA_29,0.6381732620089422,-3.694980659574401e-5,0.05623780387727595,0
FUNTANA_SASSA_3,0.6039708914871547,-9.45512764693889e-5,0.002361392962674657,2
FUNTANA_SASSA_33,0.7626167291028492,-3.8022504061206196e-5,0.0770998717435418,0
FUNTANA_SASSA_34,0.7023980078562682,-3.7557514871875935e-5,0.0770998717435418,0
FUNTANA_SASSA_35,0.657093107700348,-6.074544921249327e-5,5.305801122510547e-4,3
FUNTANA_SASSA_36,0.6540750512885938,-5.4972528472388546e-5,0.019624414976639703,1
FUNTANA_SASSA_37,0.720768550123837,-5.154422947945491e-5,0.02837726673798745,1
FUNTANA_SASSA_4,0.6513218484265391,-2.0059779533468052e-5,0.103876157063085,0
FUNTANA_SASSA_41,0.7239150256483031,-1.5231766253456211e-5,0.6206179464376897,0
FUNTANA_SASSA_42,0.7337908940518756,-1.2839981948450459e-5,0.17910919272672204,0
FUNTANA_SASSA_43,0.7355648661856774,-2.936798873799763e-5,0.13756389390990334,0
FUNTANA_SASSA_44,0.6520282909621501,-4.1377673508996485e-5,0.002361392962674657,2
FUNTANA_SASSA_45,0.7176017719829597,-1.580949150060099e-5,0.22933194239164753,0
FUNTANA_SASSA_46,0.7455163644819696,-2.6548338308474344e-5,0.6206179464376897,0
FUNTANA_SASSA_47,0.6633861422365376,-1.4066993219559709e-5,0.7236736098317631,0
FUNTANA_SASSA_48,0.6830496399898611,-6.679174022663135e-5,3.106603426391905e-4,3
FUNTANA_SASSA_49,0.678515315055847,-3.8722199226210934e-5,0.0770998717435418,0
FUNTANA_SASSA_5,0.688303709030151,-7.099796971338107e-5,0.019624414976639703,1
FUNTANA_SASSA_50,0.710894703865051,-4.36766358419494e-5,0.008888969943914301,2
FUNTANA_SASSA_51,0.727019011974335,-4.21924097643079e-5,0.02837726673798745,1
FUNTANA_SASSA_52,0.7319428280902752,-3.49260801061792e-5,0.22933194239164753,0
FUNTANA_SASSA_53,0.714113146066665,-3.9070052870215086e-5,0.003741903955543126,2
FUNTANA_SASSA_54,0.727205115047898,-2.7938947210394212e-5,0.2888443663464849,0
FUNTANA_SASSA_55,0.652517142496823,-6.712447345927202e-5,0.003741903955543126,2
FUNTANA_SASSA_6,0.6209390938766604,-5.380522712692131e-5,0.005820666407810881,2
FUNTANA_SASSA_60,0.628728628158569,-7.662786526626516e-5,3.106603426391905e-4,3
FUNTANA_SASSA_61,0.6288066080123444,-5.578162161027271e-5,0.05623780387727595,0
FUNTANA_SASSA_69,0.6148045319534274,-3.9091004018680376e-5,0.103876157063085,0
FUNTANA_SASSA_70,0.6398484188775067,-3.70239946697943e-5,0.13756389390990334,0
FUNTANA_SASSA_71,0.747090280056,-2.8666402930863496e-5,0.103876157063085,0
FUNTANA_SASSA_72,0.6966660206890369,-3.307295095335732e-5,0.0770998717435418,0
FUNTANA_SASSA_73,0.6819826623479137,-3.342601317363673e-5,0.05623780387727595,0
FUNTANA_SASSA_74,0.7440621331709667,4.999161357520046e-6,0.2888443663464849,0
FUNTANA_SASSA_75,0.7614076670515475,-2.6386645576989545e-5,0.22933194239164753,0
FUNTANA_SASSA_76,0.7597201644759815,-9.928894149300522e-6,0.8320040285726366,0
FUNTANA_SASSA_8,0.6629635956372331,-5.358698667412691e-5,0.003741903955543126,2
FUNTANA_SASSA_80,0.6598166005654669,-6.438205707998471e-5,1.0062192211963686e-4,3
FUNTANA_SASSA_81,0.586088955402374,-7.355617181756592e-5,3.106603426391905e-4,3
FUNTANA_SASSA_82,0.7011057631953754,-3.8523649435451045e-5,0.005820666407810881,2
FUNTANA_SASSA_83,0.6755721944877234,-2.4857802926998116e-5,0.103876157063085,0
FUNTANA_SASSA_84,0.751038044691086,-1.5653949896622827e-5,0.22933194239164753,0
FUNTANA_SASSA_85,0.7722333529181551,-8.888507801451394e-6,0.8320040285726366,0
FUNTANA_SASSA_88,0.692498227957727,-2.16166725673297e-5,0.13756389390990334,0
FUNTANA_SASSA_89,0.7076879306535856,4.94592416027689e-6,0.02837726673798745,0
FUNTANA_SASSA_90,0.7575080761735526,-2.860280233939247e-5,0.0770998717435418,0
FUNTANA_SASSA_91,0.6409497617576242,-5.411923849674614e-5,0.002361392962674657,2
FUNTANA_SASSA_92,0.677082756004626,-4.3339373875069026e-5,0.005820666407810881,2
FUNTANA_SASSA_93,0.668042513337586,-4.474073445393392e-5,0.02837726673798745,1
FUNTANA_SASSA_95,0.6766568261520369,-3.629764874013309e-5,0.019624414976639703,1
FUNTANA_SASSA_96,0.7362419322867328,-3.8866857976232354e-5,0.103876157063085,0
FUNTANA_SASSA_97,0.7192345391625796,-2.1498234792286758e-5,0.43667663367489096,0
FUNTANA_SASSA_98,0.7450251076071486,-2.916218819227861e-5,0.7236736098317631,0
ISCALA_ERVEGHE_1,0.7647270978981747,-1.6545612631809816e-5,0.0770998717435418,0
ISCALA_ERVEGHE_10,0.7575667549276248,-1.1901556198199809e-5,0.17910919272672204,0
ISCALA_ERVEGHE_100,0.7807600134383132,-1.8354967993215756e-5,0.019624414976639703,1
ISCALA_ERVEGHE_101,0.7287669939013695,-6.674929837977883e-6,0.13756389390990334,0
ISCALA_ERVEGHE_103,0.7645936209589025,-2.180571759555596e-5,0.0770998717435418,0
ISCALA_ERVEGHE_104,0.7158147597384854,5.1242490293004806e-6,0.43667663367489096,0
ISCALA_ERVEGHE_105,0.7064962972195372,-5.845766381186818e-6,0.6206179464376897,0
ISCALA_ERVEGHE_106,0.7199068534093078,-3.128672953042886e-5,0.43667663367489096,0
ISCALA_ERVEGHE_107,0.6854476530060916,-4.7587197531948796e-5,0.0014627165866811518,2
ISCALA_ERVEGHE_109,0.7260726736530848,-5.116385354320192e-5,3.106603426391905e-4,3
ISCALA_ERVEGHE_11,0.7376736436954883,-2.218053797021329e-6,0.7236736098317631,0
ISCALA_ERVEGHE_113,0.7739989278156756,-2.3867355389557478e-5,0.003741903955543126,2
ISCALA_ERVEGHE_114,0.7749069554906829,-2.5381034832490636e-6,0.8320040285726366,0
ISCALA_ERVEGHE_115,0.7722602713158163,7.0791911772049765e-6,0.0770998717435418,0
ISCALA_ERVEGHE_119,0.8232001385909173,2.062030639924458e-6,0.8320040285726366,0
ISCALA_ERVEGHE_12,0.7667843073850806,-1.2885206729934714e-5,0.22933194239164753,0
ISCALA_ERVEGHE_127,0.7642330689487116,-2.8769927388740714e-5,3.106603426391905e-4,3
ISCALA_ERVEGHE_128,0.7958360972105184,-3.980800300923788e-6,0.22933194239164753,0
ISCALA_ERVEGHE_13,0.7751428842393402,-2.913614776448973e-6,0.2888443663464849,0
ISCALA_ERVEGHE_130,0.7244649406484376,-3.187132066119934e-5,0.103876157063085,0
ISCALA_ERVEGHE_14,0.7782015619628232,6.028380656631621e-6,0.2888443663464849,0
ISCALA_ERVEGHE_15,0.7612830065531495,-1.6370120469898442e-5,0.003741903955543126,2
ISCALA_ERVEGHE_16,0.776715537634639,-1.6680628154391186e-5,0.35797067264432814,0
ISCALA_ERVEGHE_17,0.7885201587355648,1.1823277023553128e-5,0.0770998717435418,0
ISCALA_ERVEGHE_18,0.7811156074222276,-2.9200438302047897e-6,0.7236736098317631,0
ISCALA_ERVEGHE_19,0.7579582528019269,1.6277100964733174e-6,0.7236736098317631,0
ISCALA_ERVEGHE_20,0.7587879782627917,6.352443226400924e-6,0.5245182802130763,0
ISCALA_ERVEGHE_21,0.7575967364232579,7.41254534172388e-6,0.17910919272672204,0
ISCALA_ERVEGHE_22,0.7434791594320542,1.142892537765875e-6,0.8320040285726366,0
ISCALA_ERVEGHE_23,0.7704655886150648,8.914370881572152e-6,0.35797067264432814,0
ISCALA_ERVEGHE_24,0.798784019938281,7.4133612098187965e-6,0.17910919272672204,0
ISCALA_ERVEGHE_25,0.7308139161353395,1.0148234059887927e-5,0.04030497436254078,0
ISCALA_ERVEGHE_26,0.7338216955876048,-2.165650516461529e-6,0.35797067264432814,0
ISCALA_ERVEGHE_27,0.7257768223116707,-2.1514059716110848e-5,0.17910919272672204,0
ISCALA_ERVEGHE_3,0.7519792729829675,-1.2844720247041398e-5,0.05623780387727595,0
ISCALA_ERVEGHE_30,0.7477133207966777,1.0423813497418132e-6,0.5245182802130763,0
ISCALA_ERVEGHE_31,0.760179025581275,-5.878679866764999e-6,0.7236736098317631,0
ISCALA_ERVEGHE_32,0.7522838757970972,-7.310102314238327e-6,0.04030497436254078,1
ISCALA_ERVEGHE_33,0.7724960686090951,-1.8489390722483925e-6,1,0
ISCALA_ERVEGHE_34,0.7797259200083353,6.11684658916839e-6,0.22933194239164753,0
ISCALA_ERVEGHE_35,0.7903349198359355,4.757523298192709e-6,0.13756389390990334,0
ISCALA_ERVEGHE_36,0.7905614137089549,3.577515800753132e-6,0.8320040285726366,0
ISCALA_ERVEGHE_37,0.7773224299412674,7.986071137002638e-6,0.103876157063085,0
ISCALA_ERVEGHE_38,0.7811939458349799,-1.5902363868304836e-5,0.2888443663464849,0
ISCALA_ERVEGHE_39,0.7920518174181754,-2.9603812891180316e-7,0.8320040285726366,0
ISCALA_ERVEGHE_4,0.7592153460612412,-3.5683103511700276e-6,0.7236736098317631,0
ISCALA_ERVEGHE_40,0.7858395570240504,2.247360864640956e-6,0.43667663367489096,0
ISCALA_ERVEGHE_41,0.7867418612232384,6.206440232627131e-6,0.103876157063085,0
ISCALA_ERVEGHE_42,0.785814402778845,9.158874470574208e-7,0.5245182802130763,0
ISCALA_ERVEGHE_43,0.7842268903217547,2.4351229421090786e-6,0.6206179464376897,0
ISCALA_ERVEGHE_44,0.7727305857881184,6.291172210779575e-7,0.35797067264432814,0
ISCALA_ERVEGHE_45,0.7826178174303932,2.3917617167080172e-6,0.6206179464376897,0
ISCALA_ERVEGHE_46,0.7787841178569199,6.619192922418055e-6,0.6206179464376897,0
ISCALA_ERVEGHE_47,0.800364165414265,3.944398234634988e-6,0.5245182802130763,0
ISCALA_ERVEGHE_48,0.7783701511171107,1.575164331299623e-5,0.17910919272672204,0
ISCALA_ERVEGHE_49,0.763952767778995,1.796166296905446e-5,0.13756389390990334,0
ISCALA_ERVEGHE_50,0.7632376171296502,-1.3690219535391893e-6,0.6206179464376897,0
ISCALA_ERVEGHE_51,0.761477968833111,-6.740969598382519e-7,0.8320040285726366,0
ISCALA_ERVEGHE_52,0.7531379636949512,8.518097635698271e-7,0.7236736098317631,0
ISCALA_ERVEGHE_53,0.7603223143867631,-1.109587791085706e-6,0.9436280222029834,0
ISCALA_ERVEGHE_54,0.75401308877687645,-1.9613012046711878e-5,0.43667663367489096,0
ISCALA_ERVEGHE_55,0.7173704575283613,-1.1251988974693816e-6,1,0
ISCALA_ERVEGHE_56,0.73779963296485,-4.475749923947262e-6,0.43667663367489096,0
ISCALA_ERVEGHE_57,0.8006442260896924,2.462577685549111e-6,0.35797067264432814,0
ISCALA_ERVEGHE_58,0.7921512232623908,5.8637116435064404e-6,0.5245182802130763,0
ISCALA_ERVEGHE_6,0.7376656599616838,-1.7344714078731648e-6,0.22933194239164753,0
ISCALA_ERVEGHE_60,0.7558526503105439,-1.0436209254384551e-5,0.17910919272672204,0
ISCALA_ERVEGHE_62,0.7943334534655424,-2.0690465839099188e-5,0.0014627165866811518,2
ISCALA_ERVEGHE_63,0.7741691161639523,-1.0554374822081126e-5,0.22933194239164753,0
ISCALA_ERVEGHE_64,0.7849591517687102,-2.7683699577153e-5,0.05623780387727595,0
ISCALA_ERVEGHE_65,0.8120013336807368,-1.5495957680976703e-5,0.02837726673798745,1
ISCALA_ERVEGHE_66,0.7873906761401058,1.48191047700047e-6,0.35797067264432814,0
ISCALA_ERVEGHE_67,0.7811425107481336,-1.7495991774723094e-6,0.35797067264432814,0
ISCALA_ERVEGHE_68,0.7800478908094004,-8.734899039131904e-7,0.7236736098317631,0
ISCALA_ERVEGHE_7,0.7501931897911833,-1.6534731642900177e-6,0.2888443663464849,0
ISCALA_ERVEGHE_70,0.7719918099862215,-1.4499966011271745e-6,1,0
ISCALA_ERVEGHE_71,0.7145041254499056,-3.522403397914746e-5,0.005820666407810881,2
ISCALA_ERVEGHE_72,0.7065522789633965,-1.8324153878928506e-5,0.6206179464376897,0
ISCALA_ERVEGHE_73,0.7515097285857858,-1.0345670927333944e-5,0.2888443663464849,0
ISCALA_ERVEGHE_75,0.785836458206177,-3.682191896825779e-5,3.0203042064138284e-5,3
ISCALA_ERVEGHE_76,0.775251646460668,-3.5229528018700714e-5,0.0014627165866811518,2
ISCALA_ERVEGHE_78,0.7381175135135822,-3.759729895916152e-5,0.003741903955543126,2
ISCALA_ERVEGHE_8,0.7549692405472648,-8.162621223813531e-6,0.2888443663464849,0
ISCALA_ERVEGHE_82,0.783905693779185,1.973638602718577e-5,0.002361392962674657,0
ISCALA_ERVEGHE_83,0.7510747507996011,-4.099772205581525e-6,0.0770998717435418,0
ISCALA_ERVEGHE_84,0.7421381109677548,-5.1839092988107614e-5,5.5656279961398963e-05,3
ISCALA_ERVEGHE_85,0.770405624080667,-1.585877047326239e-5,0.005820666407810881,2
ISCALA_ERVEGHE_86,0.7417418068825941,-1.5646927095633806e-5,0.02837726673798745,1
ISCALA_ERVEGHE_87,0.7198054658743102,-2.5947615330965435e-5,0.02837726673798745,1
ISCALA_ERVEGHE_88,0.7210265067057259,-1.9910308739742286e-5,0.7236736098317631,0
ISCALA_ERVEGHE_89,0.7372181916930708,-4.666185824935129e-5,5.5656279961398963e-05,3
ISCALA_ERVEGHE_90,0.7283567326709123,-5.2986458601015904e-5,0.0014627165866811518,2
ISCALA_ERVEGHE_91,0.8022939723113425,1.2887288935923553e-6,0.8320040285726366,0
ISCALA_ERVEGHE_92,0.7593294161144905,-2.6990309343183397e-5,5.5656279961398963e-05,3
ISCALA_ERVEGHE_93,0.7045084573422571,1.2991633258472214e-5,0.9436280222029834,0
ISCALA_ERVEGHE_94,0.7428275236377023,-2.4197453998779826e-5,1.0062192211963686e-4,3
ISCALA_ERVEGHE_96,0.7145489300165184,-2.9990860262132884e-5,0.002361392962674657,2
ISCALA_ERVEGHE_97,0.7105899162555636,-5.4744366994451094e-5,0.002361392962674657,2
ISCALA_ERVEGHE_98,0.7358923946160505,-9.340130483009108e-6,0.9436280222029834,0
ISCALA_ERVEGHE_99,0.7450784468823551,-1.7207774264460112e-5,0.0770998717435418,0
MAGRINA_E_FIGU_1,0.769480697488814,-3.538230200286801e-5,0.008888969943914301,2
MAGRINA_E_FIGU_10,0.797028303146362,-3.420095622455739e-5,0.0770998717435418,0
MAGRINA_E_FIGU_13,0.8051540533996489,-2.7835829847878467e-5,0.17910919272672204,0
MAGRINA_E_FIGU_14,0.7900915030450334,-2.560514193101558e-5,0.9436280222029834,0
MAGRINA_E_FIGU_16,0.7553864703250952,-1.3456814188812898e-5,0.6206179464376897,0
MAGRINA_E_FIGU_17,0.7609693807188873,-1.9330593816631866e-5,0.7236736098317631,0
MAGRINA_E_FIGU_18,0.776835538777078,8.305360147328512e-6,0.008888969943914301,0
MAGRINA_E_FIGU_19,0.801015935623747,-2.5713533150046473e-5,0.02837726673798745,1
MAGRINA_E_FIGU_2,0.7546216322390171,-3.054170897878071e-5,0.05623780387727595,0
MAGRINA_E_FIGU_21,0.7846660587668863,-3.794005077529454e-5,0.04030497436254078,1
MAGRINA_E_FIGU_22,0.7741378169171733,-2.4248503779329155e-5,0.04030497436254078,1
MAGRINA_E_FIGU_23,0.7475802102298645,-2.2668742428737222e-5,1,0
MAGRINA_E_FIGU_25,0.7901107715947351,-4.488093813647445e-6,0.6206179464376897,0
MAGRINA_E_FIGU_27,0.7758088731796693,-2.8219998531145852e-5,0.13756389390990334,0
MAGRINA_E_FIGU_28,0.7547926902771,-2.8531014320100937e-5,0.5245182802130763,0
MAGRINA_E_FIGU_30,0.7645874321687096,-1.6821844261245465e-5,0.7236736098317631,0
MAGRINA_E_FIGU_32,0.7769919799273844,-2.5440926321092027e-5,0.35797067264432814,0
MAGRINA_E_FIGU_33,0.7769919799273844,-2.5440926321092027e-5,0.35797067264432814,0
MAGRINA_E_FIGU_34,0.7564954727885479,-2.847337933783071e-5,0.17910919272672204,0
MAGRINA_E_FIGU_36,0.8085329810600663,-4.1424649937765975e-5,0.019624414976639703,1
MAGRINA_E_FIGU_37,0.767061084508896,-2.6908231203185138e-5,0.103876157063085,0
MAGRINA_E_FIGU_39,0.7573242206248919,-2.934441850481391e-5,0.05623780387727595,0
MAGRINA_E_FIGU_4,0.775306751475948,-1.0452532162654727e-5,0.7236736098317631,0
MAGRINA_E_FIGU_43,0.7775075319934452,-2.213762139393268e-5,0.5245182802130763,0
MAGRINA_E_FIGU_44,0.7825160931078677,-2.885210417698956e-5,0.103876157063085,0
MAGRINA_E_FIGU_45,0.8075301994663582,-1.0253500837501454e-5,0.22933194239164753,0
MAGRINA_E_FIGU_46,0.7725498798462002,7.098920626294775e-6,0.0014627165866811518,0
MAGRINA_E_FIGU_47,0.8305913405097727,-9.5768190892712e-6,0.103876157063085,0
MAGRINA_E_FIGU_48,0.777034670114517,-1.5641381535833768e-5,0.9436280222029834,0
MAGRINA_E_FIGU_5,0.7555324440425879,-3.536293071353916e-5,0.13756389390990334,0
MAGRINA_E_FIGU_50,0.7925025215106462,-7.468151746428059e-6,0.13756389390990334,0
MAGRINA_E_FIGU_51,0.8204268877247061,-1.5195814137175508e-5,0.43667663367489096,0
MAGRINA_E_FIGU_52,0.7858147771133315,1.3586555335992271e-5,1.7848775202400114e-4,0
MAGRINA_E_FIGU_55,0.7684556632043119,-1.4388652902747297e-5,0.43667663367489096,0
MAGRINA_E_FIGU_56,0.7952224354603221,-3.5273160582842934e-5,0.04030497436254078,1
MAGRINA_E_FIGU_58,0.7884241274456687,-3.29825269625524e-5,0.02837726673798745,1
MAGRINA_E_FIGU_6,0.7496858193377076,-2.7661877650053423e-5,0.43667663367489096,0
MAGRINA_E_FIGU_60,0.7829806507908504,-2.06773995123938e-5,0.5245182802130763,0
MAGRINA_E_FIGU_61,0.768635707903102,-1.431223401533089e-5,0.7767533567940004,0
MAGRINA_E_FIGU_62,0.775739447162769,-1.2852284997900144e-5,0.8320040285726366,0
MAGRINA_E_FIGU_63,0.7884071518757699,-5.6764866280414793e-5,0.005820666407810881,2
MAGRINA_E_FIGU_65,0.7772499171793894,-2.3029994905880858e-5,1,0
MAGRINA_E_FIGU_66,0.7615563997957331,-2.680605899961196e-5,0.22933194239164753,0
MAGRINA_E_FIGU_69,0.801526725292206,-2.2409527591907047e-7,0.6206179464376897,0
MAGRINA_E_FIGU_70,0.8038490610197193,-1.749855041005239e-5,0.9436280222029834,0
MAGRINA_E_FIGU_71,0.7598081597789781,-2.7154914488273008e-5,0.103876157063085,0
MAGRINA_E_FIGU_72,0.8230485441119846,-2.070747936799343e-5,0.17910919272672204,0
MAGRINA_E_FIGU_75,0.7642226116841357,-1.7892095695320894e-5,0.5245182802130763,0
MAGRINA_E_FIGU_78,0.7796199352839616,-1.8379475938514702e-5,0.7236736098317631,0
MAGRINA_E_FIGU_79,0.748885571956635,-1.5443573876839944e-5,0.7236736098317631,0
MAGRINA_E_FIGU_8,0.790145560739064,-3.2406791327531186e-5,0.02837726673798745,1
MAGRINA_E_FIGU_81,0.7737148670566777,-2.0334355510187328e-5,0.5245182802130763,0
MAGRINA_E_FIGU_82,0.7620606724323757,-2.5472460920513548e-5,0.17910919272672204,0
MONTE_SCUCCURAU_102,0.8111573916019212,-1.057206366202171e-5,0.5245182802130763,0
MONTE_SCUCCURAU_103,0.7917888828696569,-9.637224283563323e-6,0.9436280222029834,0
MONTE_SCUCCURAU_107,0.762565553188324,-2.5422350044069565e-5,0.7236736098317631,0
MONTE_SCUCCURAU_11,0.812058313313718,-1.4857921355116679e-5,0.7236736098317631,0
MONTE_SCUCCURAU_112,0.787181079387665,-3.541633361499244e-5,5.305801122510547e-4,3
MONTE_SCUCCURAU_113,0.7407997498748413,-4.054134187607288e-5,0.05623780387727595,0
MONTE_SCUCCURAU_115,0.7875333630585306,-4.5454694764147894e-5,0.005820666407810881,2
MONTE_SCUCCURAU_116,0.7438327905387911,-2.020950107424495e-5,0.103876157063085,0
MONTE_SCUCCURAU_117,0.7664973827449513,-4.3919682564800725e-5,0.0770998717435418,0
MONTE_SCUCCURAU_119,0.7242612149104599,-3.0890010805282136e-5,0.17910919272672204,0
MONTE_SCUCCURAU_12,0.8170695681655268,-1.793393997483208e-5,0.2888443663464849,0
MONTE_SCUCCURAU_121,0.7775978579258023,-3.033365929526161e-5,0.22933194239164753,0
MONTE_SCUCCURAU_124,0.8018904698035396,-1.2051138163958675e-5,0.5245182802130763,0
MONTE_SCUCCURAU_125,0.7245285752418886,-6.874010924561537e-6,0.7236736098317631,0
MONTE_SCUCCURAU_127,0.7687379138472511,-1.6501290823486593e-5,0.7236736098317631,0
MONTE_SCUCCURAU_128,0.7549868810079761,-1.3600321508761988e-5,0.5245182802130763,0
MONTE_SCUCCURAU_129,0.7524440666907319,-2.4271895185537942e-5,0.7236736098317631,0
MONTE_SCUCCURAU_13,0.792511165142059,-2.460996882137914e-5,0.05623780387727595,0
MONTE_SCUCCURAU_131,0.7106819653511046,-5.437317951040406e-5,0.008888969943914301,2
MONTE_SCUCCURAU_132,0.716248512268066,-4.974107346541098e-5,0.003741903955543126,2
MONTE_SCUCCURAU_134,0.7156725674368402,-2.2809099854677225e-5,0.013328328780817557,1
MONTE_SCUCCURAU_135,0.766514778137207,-3.256460994162086e-5,0.008888969943914301,2
MONTE_SCUCCURAU_137,0.776099979877472,-1.5889938510259524e-5,0.17910919272672204,0
MONTE_SCUCCURAU_138,0.699961662281875,-4.092638006048007e-5,0.05623780387727595,0
MONTE_SCUCCURAU_149,0.8018395831300408,-1.6964098427379673e-5,0.6206179464376897,0
MONTE_SCUCCURAU_15,0.7854636766173186,-1.066526793242819e-5,1,0
MONTE_SCUCCURAU_150,0.7470187043957888,-2.3357426033143558e-5,0.02837726673798745,1
MONTE_SCUCCURAU_151,0.7758064289316307,-2.0047603166444464e-5,0.005820666407810881,2
MONTE_SCUCCURAU_152,0.7573793464111676,-2.7634100900116292e-5,0.05623780387727595,0
MONTE_SCUCCURAU_16,0.7549868810079761,-1.3600321508761988e-5,0.5245182802130763,0
MONTE_SCUCCURAU_161,0.7082946080631685,-4.9945388920572156e-5,0.003741903955543126,2
MONTE_SCUCCURAU_17,0.7936141880975628,-2.1252545480968015e-5,0.43667663367489096,0
MONTE_SCUCCURAU_172,0.7147496342659,-6.1267702291212e-5,8.892670321324559e-4,3
MONTE_SCUCCURAU_173,0.679173469543457,-5.1180267627865596e-5,0.019624414976639703,1
MONTE_SCUCCURAU_176,0.6828068941111569,-5.5358546646073345e-5,0.008888969943914301,2
MONTE_SCUCCURAU_18,0.7804092000279812,-2.4143582826116496e-5,0.008888969943914301,2
MONTE_SCUCCURAU_180,0.7183164377742572,-4.8816606903505826e-5,3.106603426391905e-4,3
MONTE_SCUCCURAU_182,0.7749200256354281,-5.679657203035857e-6,0.6206179464376897,0
MONTE_SCUCCURAU_183,0.7821982925474555,-1.867708096438123e-5,0.7236736098317631,0
MONTE_SCUCCURAU_2,0.7931368391243505,-8.193316576171664e-6,0.7236736098317631,0
MONTE_SCUCCURAU_20,0.7410923806832557,-6.847559980318645e-5,1.7848775202400114e-4,3
MONTE_SCUCCURAU_206,0.7036584203395251,-4.327573300727233e-5,0.013328328780817557,1
MONTE_SCUCCURAU_211,0.702377438545227,-4.5657290003499385e-5,0.013328328780817557,1
MONTE_SCUCCURAU_215,0.692356070621611,-5.578245325748866e-5,0.02837726673798745,1
MONTE_SCUCCURAU_219,0.7168800625114545,-2.6213270745950234e-5,0.35797067264432814,0
MONTE_SCUCCURAU_221,0.7087508110736425,-2.7144288012630834e-5,0.0770998717435418,0
MONTE_SCUCCURAU_223,0.8074235130191225,-2.4127871722261166e-5,0.35797067264432814,0
MONTE_SCUCCURAU_224,0.7947082482835144,-2.9959795434824886e-5,0.05623780387727595,0
MONTE_SCUCCURAU_225,0.8005386738610214,-1.466005860573776e-5,0.35797067264432814,0
MONTE_SCUCCURAU_23,0.7294028745964181,-3.4392100374922436e-5,0.02837726673798745,1
MONTE_SCUCCURAU_24,0.7343028541094174,-4.1314918700962545e-5,0.002361392962674657,2
MONTE_SCUCCURAU_25,0.7219795084427548,-6.165588350811203e-5,0.02837726673798745,1
MONTE_SCUCCURAU_28,0.722858011722565,-5.253649602834248e-5,0.002361392962674657,2
MONTE_SCUCCURAU_29,0.6993578560650491,-6.383350510178957e-5,8.892670321324559e-4,3
MONTE_SCUCCURAU_35,0.7020051697865706,-6.228069708333927e-5,0.005820666407810881,2
MONTE_SCUCCURAU_39,0.671113550662994,-5.5467019788188736e-5,0.02837726673798745,1
MONTE_SCUCCURAU_40,0.7064189109261438,-5.213561385690269e-5,0.019624414976639703,1
MONTE_SCUCCURAU_44,0.693250552984601,-4.847441780768079e-5,0.003741903955543126,2
MONTE_SCUCCURAU_46,0.7177145552847026,-1.0403554688331115e-5,0.0770998717435418,0
MONTE_SCUCCURAU_47,0.7551183512338624,-4.138452659516065e-5,5.5656279961398963e-05,3
MONTE_SCUCCURAU_48,0.7329410919687529,-3.645846100701728e-5,5.305801122510547e-4,3
MONTE_SCUCCURAU_5,0.813308000564575,-4.4898132243787985e-5,0.003741903955543126,2
MONTE_SCUCCURAU_50,0.736144602298737,-5.335709881249429e-5,0.0014627165866811518,2
MONTE_SCUCCURAU_51,0.7433189134207587,-3.356226462569325e-5,0.002361392962674657,2
MONTE_SCUCCURAU_52,0.7560553276545864,-3.934391548219181e-5,0.003741903955543126,2
MONTE_SCUCCURAU_56,0.81932647392921365,-3.1613399779873563e-5,0.02837726673798745,1
MONTE_SCUCCURAU_57,0.8066379126876294,-2.3790935574958536e-5,0.2888443663464849,0
MONTE_SCUCCURAU_6,0.7806237879484362,-9.680641085756237e-6,0.22933194239164753,0
MONTE_SCUCCURAU_64,0.676455985089814,-4.1742617099120496e-5,0.04030497436254078,1
MONTE_SCUCCURAU_65,0.6814953343241377,-2.7934790328380808e-5,0.43667663367489096,0
MONTE_SCUCCURAU_68,0.7115352925149538,-3.813792124171176e-5,0.003741903955543126,2
MONTE_SCUCCURAU_69,0.739772379398346,-4.285594195138851e-5,0.008888969943914301,2
MONTE_SCUCCURAU_76,0.7000951535171931,-2.6611838155641178e-5,1.7848775202400114e-4,3
MONTE_SCUCCURAU_78,0.732527607017093,-3.593362159677922e-5,0.0014627165866811518,2
MONTE_SCUCCURAU_79,0.7618368051220884,-3.906049865052397e-5,0.2888443663464849,0
MONTE_SCUCCURAU_8,0.7618220823969746,-1.2747388577191962e-5,0.9436280222029834,0
MONTE_SCUCCURAU_9,0.7917401248863116,-2.281507096731963e-5,0.22933194239164753,0
MONTE_SCUCCURAU_99,0.6623931527137759,-7.331160009091632e-5,0.04030497436254078,1
ORTERI1_1,0.7637131597181355,-3.666112759014646e-5,0.103876157063085,0
ORTERI1_10,0.7544897710672258,-1.8794437275792253e-5,0.005820666407810881,2
ORTERI1_11,0.8120162182551698,-2.4109064884625743e-6,0.5245182802130763,0
ORTERI1_12,0.785672787941895,-3.4260756549700684e-6,0.22933194239164753,0
ORTERI1_13,0.7827083930198051,-6.054420697312029e-6,0.35797067264432814,0
ORTERI1_14,0.7823786324598578,-3.302224259729242e-5,0.05623780387727595,0
ORTERI1_15,0.7843340272185464,-1.979974148810836e-5,0.2888443663464849,0
ORTERI1_17,0.7954947118134423,-1.607259626198034e-5,0.2888443663464849,0
ORTERI1_18,0.7954947118134423,-1.607259626198034e-5,0.2888443663464849,0
ORTERI1_19,0.807204300695556,-3.435567725885108e-5,3.106603426391905e-4,3
ORTERI1_2,0.7454560328529323,-1.3037012461778053e-5,0.7236736098317631,0
ORTERI1_20,0.7646392182456541,-3.26683401618162e-5,0.008888969943914301,2
ORTERI1_21,0.7799659209588032,-2.3805155969350072e-5,0.2888443663464849,0
ORTERI1_22,0.7590003677820163,-2.9396706606133662e-5,0.005820666407810881,2
ORTERI1_23,0.7485673744795179,-2.8130273869717855e-5,0.003741903955543126,2
ORTERI1_24,0.7512810275138421,-1.4037554813983609e-5,0.8320040285726366,0
ORTERI1_25,0.7416080341313163,-2.850090548785367e-5,0.013328328780817557,1
ORTERI1_26,0.7572381890845681,-2.6421155594070705e-5,0.003741903955543126,2
ORTERI1_27,0.730641529776259,-4.0550952702199475e-5,0.013328328780817557,1
ORTERI1_28,0.7771231630362805,-3.4597818602119515e-5,0.005820666407810881,2
ORTERI1_29,0.8076235096028682,-2.811235395787415e-5,0.019624414976639703,1
ORTERI1_3,0.7308768200082102,-7.3152204742231985e-6,0.17910919272672204,0
ORTERI1_30,0.77542605169032075,-2.4320804105787846e-5,0.6206179464376897,0
ORTERI1_31,0.7883190807806251,-4.3002592144237146e-5,0.019624414976639703,1
ORTERI1_32,0.7827676161872115,-2.778540421652242e-5,0.0770998717435418,0
ORTERI1_33,0.7488770604195217,-3.1104203160756514e-5,0.05623780387727595,0
ORTERI1_34,0.7993946999953069,-1.995413118227432e-5,0.22933194239164753,0
ORTERI1_35,0.7993946999953069,-1.995413118227432e-5,0.22933194239164753,0
ORTERI1_36,0.8052687601943944,-2.8550633742178503e-5,0.103876157063085,0
ORTERI1_37,0.7740514512555952,-3.631502392371993e-5,0.05623780387727595,0
ORTERI1_38,0.7598224606138153,-8.719213304874532e-6,0.019624414976639703,1
ORTERI1_39,0.778897737502146,-1.2726564724017942e-5,0.17910919272672204,0
ORTERI1_4,0.7525498707246515,-1.5570811631896428e-5,0.22933194239164753,0
ORTERI1_41,0.7926712475594537,-1.1674895976948918e-5,1,0
ORTERI1_42,0.7433585066343386,-1.988900874970359e-6,0.9436280222029834,0
ORTERI1_43,0.7326131189344351,-2.4833012237709765e-5,0.8320040285726366,0
ORTERI1_44,0.759322700247707,-9.184624082809277e-6,0.13756389390990334,0
ORTERI1_45,0.77969017624855,-1.8707860598654483e-5,0.17910919272672204,0
ORTERI1_46,0.7750908035550838,-2.3207396653601545e-5,0.04030497436254078,1
ORTERI1_47,0.780079323250786,-1.8967855578669506e-5,0.43667663367489096,0
ORTERI1_48,0.754774272441864,-2.7149446857033446e-5,0.35797067264432814,0
ORTERI1_49,0.783409482203911,-2.844079723733274e-5,0.05623780387727595,0
ORTERI1_5,0.7579156658455248,-1.3293237514886364e-5,0.9436280222029834,0
ORTERI1_50,0.7640695836815994,-2.6453786001110676e-5,0.17910919272672204,0
ORTERI1_51,0.7686350517143563,-1.9697577093826707e-5,0.005820666407810881,2
ORTERI1_52,0.7927761559047033,-3.1032087863224614e-5,0.005820666407810881,2
ORTERI1_53,0.7809844369373097,-3.24030040753505e-5,0.17910919272672204,0
ORTERI1_54,0.7820921827738955,-1.2306346828649253e-5,0.8320040285726366,0
ORTERI1_55,0.7757227811763998,-4.4269188824625484e-5,0.13756389390990334,0
ORTERI1_56,0.7840410979108783,-1.1884844573930625e-5,0.13756389390990334,0
ORTERI1_6,0.7700090058123367,-3.722671641265778e-5,0.05623780387727595,0
ORTERI1_60,0.7480934086676044,-1.765113767238904e-5,0.17910919272672204,0
ORTERI1_61,0.7470804710544935,-9.154316615124442e-6,0.6206179464376897,0
ORTERI1_62,0.7647122630535921,-3.377385419248558e-5,0.05623780387727595,0
ORTERI1_63,0.7847442452657554,-1.2574816377118446e-5,0.0770998717435418,0
ORTERI1_64,0.7895416874282694,-1.1853165606541921e-5,0.22933194239164753,0
ORTERI1_65,0.7539588875216428,-1.3764315704330075e-5,0.8320040285726366,0
ORTERI1_66,0.8126985132535738,-3.4489154167369105e-5,0.003741903955543126,2
ORTERI1_67,0.7913451563596007,-2.120787151348289e-5,0.0770998717435418,0
ORTERI1_68,0.7760322478116055,-3.274132293381919e-5,0.02837726673798745,1
ORTERI1_69,0.7990659587063347,-1.2849920964977256e-5,0.2888443663464849,0
ORTERI1_7,0.7938166653136017,2.947019863766576e-6,0.9436280222029834,0
ORTERI1_70,0.7461158596781639,-1.4524617942208552e-5,0.7236736098317631,0
ORTERI1_71,0.7932958914137292,-3.4680022790525225e-5,0.019624414976639703,1
ORTERI1_72,0.7946588260010609,-1.3965638428961489e-5,0.7236736098317631,0
ORTERI1_73,0.7346355921378269,-2.024128802658313e-5,0.0770998717435418,0
ORTERI1_74,0.7969428281571899,-2.136981519957137e-5,0.0770998717435418,0
ORTERI1_75,0.8077411992697906,-3.6549632996175934e-5,0.0014627165866811518,2
ORTERI1_8,0.7550791162338968,-2.4051705391058045e-5,0.43667663367489096,0
ORTERI1_9,0.7516115306337771,-4.879183006817361e-5,0.04030497436254078,1
ORTERI2_10,0.7757103389243563,-3.8211108003833244e-5,0.0770998717435418,0
ORTERI2_11,0.7237935993761495,-2.4036565952545382e-5,0.8320040285726366,0
ORTERI2_12,0.7724736946269044,-4.104366842193767e-5,0.103876157063085,0
ORTERI2_13,0.7334195750398755,-1.6625680254014587e-5,0.22933194239164753,0
ORTERI2_14,0.7973160423312977,-4.649983614858843e-5,0.05623780387727595,0
ORTERI2_15,0.8072768888691282,-5.20240954087839e-5,0.005820666407810881,2
ORTERI2_16,0.7820626696237364,-4.6645696997326525e-5,0.04030497436254078,1
ORTERI2_18,0.763216355156622,-3.312616179269889e-5,0.43667663367489096,0
ORTERI2_19,0.7748557276436283,-3.4922045409914946e-5,0.43667663367489096,0
ORTERI2_2,0.7503209303912425,-3.488597575610679e-5,0.17910919272672204,0
ORTERI2_20,0.7780749285639197,-4.1600083020377514e-5,0.02837726673798745,1
ORTERI2_21,0.7351638756386949,-2.0883973145545422e-5,0.0770998717435418,0
ORTERI2_22,0.8183830456763368,-6.68581271318724e-5,8.398211315215924e-6,3
ORTERI2_23,0.7896981324218281,-4.060039075987922e-5,0.17910919272672204,0
ORTERI2_25,0.7783153073155566,-4.962959848482013e-5,0.003741903955543126,2
ORTERI2_27,0.7998815879569727,-3.870141423155744e-5,0.002361392962674657,2
ORTERI2_29,0.7998815879569727,-3.870141423155744e-5,0.002361392962674657,2
ORTERI2_3,0.7639402318917028,-3.476764379740547e-5,0.04030497436254078,1
ORTERI2_30,0.8221690228233091,-4.433622696717649e-5,0.008888969943914301,2
ORTERI2_31,0.7996297931481939,-2.820704626742264e-5,0.003741903955543126,2
ORTERI2_32,0.8032177607817406,-3.597103290596876e-5,0.0014627165866811518,2
ORTERI2_33,0.799067413080799,-2.566803602358838e-5,0.103876157063085,0
ORTERI2_34,0.7650940560159217,-9.829584440104087e-6,0.17910919272672204,0
ORTERI2_35,0.7652989943424438,-1.598909187535762e-5,0.04030497436254078,1
ORTERI2_36,0.7751765263569195,-5.066982426377763e-5,8.892670321324559e-4,3
ORTERI2_37,0.8090632605632867,-7.83966433683383e-5,5.154838246337953e-7,3
ORTERI2_39,0.818081003724922,-4.112982412887539e-5,0.04030497436254078,1
ORTERI2_4,0.7724159087532292,-4.36704308647912e-5,0.008888969943914301,2
ORTERI2_42,0.8215997651107856,-4.816196617387454e-5,1.7848775202400114e-4,3
ORTERI2_43,0.8268469730742296,-6.040035181153712e-5,1.6079825760167015e-5,3
ORTERI2_44,0.7680580384637181,-5.9015276920364965e-5,5.305801122510547e-4,3
ORTERI2_45,0.8038681880320873,-7.724283861997079e-5,3.0203042064138284e-5,3
ORTERI2_47,0.7791216950420123,-3.788483100163853e-5,5.305801122510547e-4,3
ORTERI2_48,0.7937568666166863,-3.5826653420829426e-5,0.005820666407810881,2
ORTERI2_49,0.7959021577110159,-6.922810901830168e-5,3.106603426391905e-4,3
ORTERI2_5,0.7776041340687823,-1.7759237365046056e-5,0.6206179464376897,0
ORTERI2_50,0.7955713173637243,-6.57821377064664e-5,8.892670321324559e-4,3
ORTERI2_51,0.7553803267690886,-8.067177274131629e-5,3.106603426391905e-4,3
ORTERI2_52,0.7685112037769983,-6.957144490635773e-5,3.0203042064138284e-5,3
ORTERI2_53,0.7948150811200898,-6.576850638078012e-5,5.154838246337953e-7,3
ORTERI2_55,0.8259136637582423,-6.844632247208243e-5,3.0203042064138284e-5,3
ORTERI2_56,0.800291538238525,-5.442926590455344e-5,3.106603426391905e-4,3
ORTERI2_57,0.7450512342565196,-4.487655710769027e-5,8.892670321324559e-4,3
ORTERI2_59,0.7830319703772997,-6.123513240515767e-5,5.305801122510547e-4,3
ORTERI2_6,0.7715568181921504,-3.462383636080682e-5,0.2888443663464849,0
ORTERI2_60,0.8216662363147815,-5.080112693961757e-5,1.0062192211963686e-4,3
ORTERI2_61,0.8210884914844598,-5.1133229723415956e-5,5.5656279961398963e-05,3
ORTERI2_63,0.7754410985228308,-5.5521659543252585e-5,1.0062192211963686e-4,3
ORTERI2_64,0.7966753054044198,-6.048168728643984e-5,2.1624768200401877e-6,3
ORTERI2_65,0.8171967076559138,-6.262646610713902e-5,8.892670321324559e-4,3
ORTERI2_66,0.8004050964234495,-4.7891805771246106e-5,0.002361392962674657,2
ORTERI2_67,0.7939088523173673,-2.3888805726852763e-5,0.04030497436254078,1
ORTERI2_68,0.7859605557244758,-1.8260274592409342e-5,0.43667663367489096,0
ORTERI2_69,0.7943498581985133,-2.6000869308614034e-5,0.35797067264432814,0
ORTERI2_7,0.7826848873278658,-3.270614903794353e-5,0.02837726673798745,1
ORTERI2_70,0.7972032132628188,-2.983646641532374e-5,0.05623780387727595,0
ORTERI2_71,0.7964123680695157,-3.664395659578452e-5,0.0770998717435418,0
ORTERI2_72,0.7962262132913732,-3.53849740416568e-6,0.6206179464376897,0
ORTERI2_73,0.776996999979019,-6.722578317892431e-5,0.003741903955543126,2
ORTERI2_74,0.8151842806672966,-4.163611743409755e-5,5.305801122510547e-4,3
ORTERI2_75,0.7544450002342449,-8.987965133229337e-6,0.17910919272672204,0
ORTERI2_76,0.7985398912142436,-5.4744029020926046e-5,5.5656279961398963e-05,3
ORTERI2_78,0.7788980895136808,-1.851605367025116e-5,0.0770998717435418,0
ORTERI2_79,0.8201255703376946,-2.4826938801420665e-5,0.019624414976639703,1
ORTERI2_8,0.7714726132101859,-4.266671577064129e-5,0.019624414976639703,1
ORTERI2_80,0.7985177020077261,-9.18564890902244e-6,0.8320040285726366,0
ORTERI2_81,0.79703198387509,-2.486017926122796e-5,0.002361392962674657,2
ORTERI2_82,0.8004293870218089,-3.644389100490362e-5,0.002361392962674657,2
ORTERI2_83,0.787443483733155,-5.813132895762457e-5,1.7848775202400114e-4,3
ORTERI2_84,0.7806140665393223,-5.7023735964014286e-5,0.003741903955543126,2
ORTERI2_87,0.8104218497675413,-7.324088940767042e-5,5.188629341047261e-8,3
ORTERI2_89,0.8046081252905919,-6.13452227615834e-5,2.1624768200401877e-6,3
ORTERI2_9,0.7739342584447371,-3.743974728214276e-5,0.05623780387727595,0
ORTERI2_90,0.7885695173770644,-4.654930535155905e-5,0.002361392962674657,2
ORTERI2_91,0.7822546394449172,-3.484123057097735e-5,0.2888443663464849,0
ORTERI2_92,0.8062062728562029,-4.154390893316618e-5,1.7848775202400114e-4,3
ORTERI2_93,0.7972032132628188,-2.983646641532374e-5,0.05623780387727595,0
ORTERI2_95,0.756681778470754,-7.313211363625416e-5,3.106603426391905e-4,3
ORTERI2_97,0.7974407323435573,-1.0515748681672007e-5,0.5245182802130763,0
ORTERI2_98,0.8107468440303941,-4.6887395280464183e-5,0.002361392962674657,2
PARDU_LETTE_1,0.7753713549881296,-1.5015437764687311e-5,0.103876157063085,0
PARDU_LETTE_10,0.7700885692371422,-1.292487914945144e-5,0.7236736098317631,0
PARDU_LETTE_100,0.7884576101425416,-2.6679882998979964e-5,0.013328328780817557,1
PARDU_LETTE_101,0.8049944313839463,-1.6507299827203114e-5,0.5245182802130763,0
PARDU_LETTE_102,0.7686945077406463,-1.7408333872318725e-5,0.7236736098317631,0
PARDU_LETTE_103,0.78627706760274,-3.447140368334744e-5,5.305801122510547e-4,3
PARDU_LETTE_104,0.803939243157705,-4.88816283216698e-5,0.005820666407810881,2
PARDU_LETTE_105,0.7891266494989397,-3.187242703625364e-5,0.05623780387727595,0
PARDU_LETTE_106,0.7892826248410141,-2.8564335820012792e-5,8.892670321324559e-4,3
PARDU_LETTE_107,0.7784768813723697,-3.338878127794904e-5,0.0014627165866811518,2
PARDU_LETTE_11,0.776670820333741,-2.7256262071606845e-5,0.0770998717435418,0
PARDU_LETTE_12,0.7594245756810427,-3.436843444105615e-5,0.05623780387727595,0
PARDU_LETTE_13,0.7592742470956825,-3.745196981695514e-5,0.04030497436254078,1
PARDU_LETTE_14,0.7360823424545341,-1.500288097863514e-5,0.35797067264432814,0
PARDU_LETTE_15,0.766845703125,-2.615649077031589e-5,0.013328328780817557,1
PARDU_LETTE_16,0.7714931863674719,-2.615446012596131e-5,0.04030497436254078,1
PARDU_LETTE_17,0.7748026611968359,-1.4736943696683205e-5,0.7236736098317631,0
PARDU_LETTE_18,0.746723001121544,-1.7921391612149498e-5,1,0
PARDU_LETTE_19,0.772207915782928,-2.8602706575856894e-5,0.013328328780817557,1
PARDU_LETTE_2,0.8050657050225785,-3.5016551005784095e-5,8.892670321324559e-4,3
PARDU_LETTE_20,0.7536372719567574,-3.614762224099525e-5,0.17910919272672204,0
PARDU_LETTE_21,0.7569660797054678,-4.2058956089309803e-5,0.35797067264432814,0
PARDU_LETTE_22,0.7364666911610445,-1.0501558989236806e-5,0.22933194239164753,0
PARDU_LETTE_23,0.7838796214615287,-3.716499642386288e-5,8.892670321324559e-4,3
PARDU_LETTE_24,0.7642367682036224,-2.079939661185419e-5,3.106603426391905e-4,3
PARDU_LETTE_25,0.7405390251618704,-4.108592064509853e-6,0.7236736098317631,0
PARDU_LETTE_26,0.7910999530175373,-2.4613702705387158e-5,0.2888443663464849,0
PARDU_LETTE_27,0.7910999530175373,-2.4613702705387158e-5,0.2888443663464849,0
PARDU_LETTE_28,0.7709712802589683,-2.7477033859193953e-6,1,0
PARDU_LETTE_29,0.8016281654638897,-2.625691929047507e-5,0.02837726673798745,1
PARDU_LETTE_3,0.7516901185297451,-2.7608816043596257e-5,0.04030497436254078,1
PARDU_LETTE_30,0.7769902515294831,-8.3791614809496e-6,0.43667663367489096,0
PARDU_LETTE_31,0.7725912265764556,-2.341811505839965e-5,0.0770998717435418,0
PARDU_LETTE_32,0.7882118787291944,-3.10990103423248e-5,0.103876157063085,0
PARDU_LETTE_33,0.7969524788746097,-2.3910164953726368e-5,0.05623780387727595,0
PARDU_LETTE_34,0.7705154163832744,-2.9667243306006435e-5,0.013328328780817557,1
PARDU_LETTE_35,0.7331451179691042,-3.2793368347689396e-5,5.305801122510547e-4,3
PARDU_LETTE_36,0.76359324157238,-2.6278102971904286e-5,0.05623780387727595,0
PARDU_LETTE_37,0.7660599361135532,-3.0033780188568578e-5,0.0014627165866811518,2
PARDU_LETTE_38,0.7957378421710521,-8.07082714964559e-6,0.2888443663464849,0
PARDU_LETTE_39,0.7761391024609083,-2.3048869048004018e-5,0.17910919272672204,0
PARDU_LETTE_4,0.7856143834906932,-2.620039768638294e-5,0.5245182802130763,0
PARDU_LETTE_40,0.764840185642242,-1.672072356123369e-5,0.13756389390990334,0
PARDU_LETTE_41,0.7559125491300769,-3.7398682156902915e-5,0.003741903955543126,2
PARDU_LETTE_42,0.7621083013491492,-3.3865174075134626e-5,0.0014627165866811518,2
PARDU_LETTE_43,0.7690581067433377,-3.0070225735574325e-5,0.013328328780817557,1
PARDU_LETTE_44,0.778255263964335,-4.028395605992061e-5,5.305801122510547e-4,3
PARDU_LETTE_45,0.7702249948158286,-3.675149355842861e-5,0.003741903955543126,2
PARDU_LETTE_46,0.7716577102219478,-3.426907038407813e-5,0.0770998717435418,0
PARDU_LETTE_47,0.7887306857755194,-3.214169753738039e-5,0.008888969943914301,2
PARDU_LETTE_48,0.7640250272753786,-3.053699448602157e-5,0.04030497436254078,1
PARDU_LETTE_49,0.7565991360974715,-3.645933461136624e-5,8.892670321324559e-4,3
PARDU_LETTE_5,0.8100798309410854,-1.6480732338845302e-5,0.0770998717435418,0
PARDU_LETTE_50,0.7694741834563894,-2.3735423156533917e-5,0.04030497436254078,1
PARDU_LETTE_51,0.7399193649016205,-3.722911982650171e-5,0.008888969943914301,2
PARDU_LETTE_52,0.7356892430171738,-3.7904116263694454e-5,0.22933194239164753,0
PARDU_LETTE_53,0.7690807117780132,-3.873983546190765e-5,5.305801122510547e-4,3
PARDU_LETTE_54,0.8192485493199815,-5.3920936555975106e-5,0.0014627165866811518,2
PARDU_LETTE_55,0.7666515404347581,-4.198507344018705e-5,0.013328328780817557,1
PARDU_LETTE_56,0.7399193649016205,-3.722911982650171e-5,0.008888969943914301,2
PARDU_LETTE_57,0.7834458911603366,-3.967075415147604e-5,8.892670321324559e-4,3
PARDU_LETTE_58,0.7490935122843219,-2.2568876358925476e-5,0.0770998717435418,0
PARDU_LETTE_59,0.7426767895309161,-2.3975787247267155e-5,0.05623780387727595,0
PARDU_LETTE_6,0.7467160820961,-1.736995824655276e-5,0.22933194239164753,0
PARDU_LETTE_60,0.759088657796383,-3.098382032338236e-5,0.005820666407810881,2
PARDU_LETTE_61,0.7659371514157152,-3.604440907480658e-5,0.008888969943914301,2
PARDU_LETTE_62,0.7509524919776118,-1.9905672744995948e-5,0.43667663367489096,0
PARDU_LETTE_63,0.7928684519615177,-1.938010710069802e-5,0.5245182802130763,0
PARDU_LETTE_64,0.7786843720472657,-9.094053075708773e-6,0.05623780387727595,0
PARDU_LETTE_65,0.7800033724861841,-3.727338573051194e-5,5.305801122510547e-4,3
PARDU_LETTE_66,0.7583436092654745,-2.680841991756566e-5,0.019624414976639703,1
PARDU_LETTE_67,0.7727179752667023,-5.415440048287784e-5,0.02837726673798745,1
PARDU_LETTE_68,0.779425263404846,-2.716184056605604e-5,0.019624414976639703,1
PARDU_LETTE_69,0.7832540446063896,-3.5782871039021005e-5,0.003741903955543126,2
PARDU_LETTE_7,0.7774782765370022,-2.0037194835625052e-5,0.13756389390990334,0
PARDU_LETTE_70,0.7792629767035225,-4.868429055341536e-5,8.892670321324559e-4,3
PARDU_LETTE_71,0.7389563678488003,-9.666052941249016e-6,0.103876157063085,0
PARDU_LETTE_72,0.757511751176951,-1.0448972295495078e-5,0.43667663367489096,0
PARDU_LETTE_73,0.7652119145344949,-2.445978830646036e-5,0.04030497436254078,1
PARDU_LETTE_74,0.785505362538711,-3.0231525509636013e-5,0.019624414976639703,1
PARDU_LETTE_75,0.7711397979823449,-2.834813361887356e-5,0.02837726673798745,1
PARDU_LETTE_76,0.79702696149927,-3.1299861602982625e-05,8.892670321324559e-4,3
PARDU_LETTE_77,0.783165007829666,-2.4496115298782055e-5,0.003741903955543126,2
PARDU_LETTE_78,0.780771850343334,-3.1941545402681756e-5,0.005820666407810881,2
PARDU_LETTE_79,0.7640475638417181,-3.8118588415961365e-5,1.0062192211963686e-4,3
PARDU_LETTE_8,0.7628276683825835,-1.9826641364081848e-6,0.6206179464376897,0
PARDU_LETTE_80,0.7882616134779064,-4.9314090858625456e-5,0.005820666407810881,2
PARDU_LETTE_81,0.7990551498444429,-3.5128164974499976e-5,5.305801122510547e-4,3
PARDU_LETTE_82,0.76866212836967,-4.5993316041917515e-5,0.02837726673798745,1
PARDU_LETTE_83,0.7447932486966531,-3.5516875148936944e-5,0.02837726673798745,1
PARDU_LETTE_84,0.7992850177961495,-4.579084501027908e-5,3.106603426391905e-4,3
PARDU_LETTE_85,0.7503910447642437,-2.592675203799493e-5,0.0770998717435418,0
PARDU_LETTE_86,0.7782189203541632,-3.325395656922921e-5,0.103876157063085,0
PARDU_LETTE_87,0.7997269903393758,-4.718116163315575e-5,5.305801122510547e-4,3
PARDU_LETTE_88,0.8164730561772637,-4.572166251978706e-5,0.002361392962674657,2
PARDU_LETTE_89,0.8043895929821374,-4.2164282269956e-5,0.002361392962674657,2
PARDU_LETTE_9,0.7784050387013087,-7.034830237086972e-6,0.5245182802130763,0
PARDU_LETTE_90,0.7690582042324412,-3.6202051089781755e-5,0.019624414976639703,1
PARDU_LETTE_91,0.7628527875637533,-2.2980342722359586e-5,0.019624414976639703,1
PARDU_LETTE_92,0.7626752809872837,-4.651781812815869e-5,5.305801122510547e-4,3
PARDU_LETTE_93,0.7529822421615242,-2.491872492337289e-5,0.02837726673798745,1
PARDU_LETTE_94,0.7501214996156331,-4.227737284930916e-5,0.103876157063085,0
PARDU_LETTE_95,0.751414736111959,-2.795185397339912e-5,0.0770998717435418,0
PARDU_LETTE_96,0.741733223199844,-4.657802478926575e-5,0.0014627165866811518,2
PARDU_LETTE_97,0.7314972559351685,-3.008816745234765e-5,0.02837726673798745,1
PARDU_LETTE_98,0.7734854118251577,-2.863516018896781e-5,0.005820666407810881,2
PARDU_LETTE_99,0.7892564773559572,-2.4446013379518867e-5,0.05623780387727595,0
PONTE_EZZU_10,0.7297411434970896,-1.9494737837567347e-5,0.7236736098317631,0
PONTE_EZZU_11,0.7401423492666441,-2.473836852303216e-5,0.2888443663464849,0
PONTE_EZZU_12,0.776531517505646,-3.2462104735816376e-5,0.22933194239164753,0
PONTE_EZZU_13,0.7614436304333978,-2.0115691466376967e-5,0.5245182802130763,0
PONTE_EZZU_14,0.7771402641069141,-7.606413474222131e-6,0.6206179464376897,0
PONTE_EZZU_15,0.7690998888439249,-1.8704648227367308e-5,0.17910919272672204,0
PONTE_EZZU_16,0.7530055064271898,-3.0212408178111286e-6,0.103876157063085,0
PONTE_EZZU_17,0.7568737127429652,-9.15083981913121e-6,0.9436280222029834,0
PONTE_EZZU_18,0.7443405708667739,5.843061389319879e-8,0.35797067264432814,0
PONTE_EZZU_2,0.719512224197388,-2.4311997733271884e-5,0.2888443663464849,0
PONTE_EZZU_20,0.7738557518129674,-7.033010105895872e-6,0.9436280222029834,0
PONTE_EZZU_21,0.770893460440778,-1.917071537313745e-5,0.7236736098317631,0
PONTE_EZZU_22,0.7622259621298254,-1.4155922121785677e-5,0.35797067264432814,0
PONTE_EZZU_23,0.7625147474717264,-1.51261616818535e-5,0.8320040285726366,0
PONTE_EZZU_24,0.7437975148647742,-8.101528112072796e-6,0.7236736098317631,0
PONTE_EZZU_25,0.7553132413082018,-1.4603854761034058e-5,0.8320040285726366,0
PONTE_EZZU_26,0.7427287628128978,-1.595188147061036e-5,0.9436280222029834,0
PONTE_EZZU_27,0.7371982042233345,-4.491819262805845e-6,0.9436280222029834,0
PONTE_EZZU_28,0.7370545216627598,-2.5588450359533537e-5,0.7236736098317631,0
PONTE_EZZU_29,0.753140859716082,-2.4755164932975913e-5,0.22933194239164753,0
PONTE_EZZU_3,0.7762058966390133,-4.9617924044417714e-5,0.019624414976639703,1
PONTE_EZZU_30,0.7616020278720594,-2.9075204678644674e-5,0.05623780387727595,0
PONTE_EZZU_31,0.7358939383654917,-2.3064545304474347e-5,0.43667663367489096,0
PONTE_EZZU_33,0.7320797197469459,-1.76245512549814e-5,0.43667663367489096,0
PONTE_EZZU_34,0.7781170488536725,-3.2221390850076834e-05,0.6206179464376897,0
PONTE_EZZU_35,0.7556724430980636,-1.583706173661861e-5,0.5245182802130763,0
PONTE_EZZU_36,0.7418398531875725,-1.943185902590872e-5,0.7236736098317631,0
PONTE_EZZU_37,0.7836174806706597,-3.6982842982035216e-5,0.0770998717435418,0
PONTE_EZZU_38,0.7409063901882823,-1.70949351461958e-5,0.7236736098317631,0
PONTE_EZZU_4,0.721103613698064,-2.29820933796431e-5,0.2888443663464849,0
PONTE_EZZU_40,0.7425483501191557,-1.781579829519696e-5,0.35797067264432814,0
PONTE_EZZU_41,0.7613644693554307,-1.7500398058150778e-5,0.43667663367489096,0
PONTE_EZZU_42,0.7482964853118026,-2.2024931987184138e-5,0.019624414976639703,1
PONTE_EZZU_43,0.7471507326099114,-2.311380279228958e-5,0.019624414976639703,1
PONTE_EZZU_44,0.7471507326099114,-2.311380279228958e-5,0.019624414976639703,1
PONTE_EZZU_45,0.7715214627469504,-1.4958272075281251e-5,0.5245182802130763,0
PONTE_EZZU_46,0.7600616517483658,-2.2780960350470122e-5,0.9436280222029834,0
PONTE_EZZU_47,0.7439867831729494,-1.518925687669946e-5,0.6206179464376897,0
PONTE_EZZU_48,0.7532317626876162,-2.6691777516256615e-5,0.35797067264432814,0
PONTE_EZZU_49,0.7367924517887262,-2.625940487181684e-5,0.22933194239164753,0
PONTE_EZZU_5,0.7676471793380992,-3.3369867279742304e-5,0.22933194239164753,0
PONTE_EZZU_50,0.7342404283601338,-1.261240660674792e-5,0.5245182802130763,0
PONTE_EZZU_51,0.7322457004178914,-2.807543888647922e-5,0.6206179464376897,0
PONTE_EZZU_52,0.7318587434479478,-1.1714204965236437e-5,0.7236736098317631,0
PONTE_EZZU_53,0.7410374602073548,-3.259310255374161e-5,0.43667663367489096,0
PONTE_EZZU_54,0.747625878190848,-2.7177766638083448e-5,0.6206179464376897,0
PONTE_EZZU_55,0.717850258794563,-2.9410360073845846e-5,0.13756389390990334,0
PONTE_EZZU_56,0.7221551994010698,-2.1416377904605334e-5,0.0770998717435418,0
PONTE_EZZU_57,0.7611348371473774,-2.6081016415071237e-5,0.22933194239164753,0
PONTE_EZZU_58,0.7240703902746848,-1.8676939975719726e-5,0.22933194239164753,0
PONTE_EZZU_59,0.7593863586453691,-7.586439191241285e-6,0.5245182802130763,0
PONTE_EZZU_60,0.752280815458499,-1.777306948825334e-5,0.5245182802130763,0
PONTE_EZZU_61,0.7616857157018013,-1.5550417629518318e-5,0.6206179464376897,0
PONTE_EZZU_62,0.7390325219597943,-1.5295638407157998e-5,0.35797067264432814,0
PONTE_EZZU_63,0.7239667491058377,-1.936849131526684e-5,0.17910919272672204,0
PONTE_EZZU_64,0.7771314607764737,-3.155632275881126e-5,0.22933194239164753,0
PONTE_EZZU_65,0.7504222226428439,-9.61433829646599e-6,0.2888443663464849,0
PONTE_EZZU_66,0.7483830270150233,-2.275925320359717e-5,0.13756389390990334,0
PONTE_EZZU_69,0.7166211988803546,-1.4241175549475252e-5,0.7236736098317631,0
PONTE_EZZU_7,0.6979548873811179,7.831129886347608e-7,0.5245182802130763,0
PONTE_EZZU_70,0.7491219961329505,-1.326822037107599e-5,0.7236736098317631,0
PONTE_EZZU_71,0.7488042935636141,-2.449659448198201e-5,0.9436280222029834,0
PONTE_EZZU_72,0.7432816684884882,-1.8907699278695818e-5,0.6206179464376897,0
PONTE_EZZU_73,0.7823460698108042,-2.417281574132618e-5,0.22933194239164753,0
PONTE_EZZU_74,0.7550424444311453,-1.718176422912963e-5,0.9436280222029834,0
PONTE_EZZU_75,0.757048921059753,-3.8978220007221187e-5,0.02837726673798745,1
PONTE_EZZU_76,0.7500312858174444,-1.412639207410082e-5,0.103876157063085,0
PONTE_EZZU_77,0.7633221110653559,-3.6521406489680605e-5,0.013328328780817557,1
PONTE_EZZU_78,0.7561894752834866,-2.6012070393489155e-5,0.9436280222029834,0
PONTE_EZZU_79,0.7306625964987317,-1.4540834767936388e-5,0.6206179464376897,0
PONTE_EZZU_80,0.760905057191849,-1.7237147321580795e-5,0.9436280222029834,0
PONTE_EZZU_81,0.7442621586456211,-7.678888853795017e-6,0.2888443663464849,0
PONTE_EZZU_82,0.7364638033171276,-2.5521566865720544e-5,0.2888443663464849,0
PONTE_EZZU_83,0.765673995018005,-3.060749667061761e-5,0.04030497436254078,1
PONTE_EZZU_84,0.7427239658449598,-1.4492380959148404e-5,0.13756389390990334,0
PONTE_EZZU_85,0.7427911163086822,-2.34140183335986e-5,0.22933194239164753,0
PONTE_EZZU_88,0.7377038714630333,-2.098490622409786e-5,0.7236736098317631,0
PONTE_EZZU_9,0.7532522082328801,-1.7009008970021085e-5,0.9436280222029834,0
PONTE_EZZU_91,0.7087665951823537,-4.237205862335044e-6,0.7236736098317631,0
PONTE_EZZU_92,0.7438237434844308,-8.660115663658655e-6,0.8320040285726366,0
PONTE_EZZU_93,0.7378282675994554,-1.4375431801338131e-5,0.5245182802130763,0
PONTE_EZZU_94,0.7567884552480637,-1.3939880245852804e-5,0.9436280222029834,0
SANTA_CRISTINA_1,0.7566844266498048,-3.1669138888874995e-5,0.103876157063085,0
SANTA_CRISTINA_10,0.7703532486661411,-1.0463241282442176e-5,0.103876157063085,0
SANTA_CRISTINA_100,0.774641701153346,-1.1113066748938411e-5,0.35797067264432814,0
SANTA_CRISTINA_101,0.7519800450017,-2.3686019675450192e-6,0.7236736098317631,0
SANTA_CRISTINA_102,0.7953136733036591,-1.3639807720441976e-5,0.6206179464376897,0
SANTA_CRISTINA_103,0.7842628743640498,-4.8891391629124265e-8,0.13756389390990334,0
SANTA_CRISTINA_104,0.787669065751746,-6.888485218571569e-6,0.8320040285726366,0
SANTA_CRISTINA_105,0.787669065751746,-6.888485218571569e-6,0.8320040285726366,0
SANTA_CRISTINA_106,0.765514635000129,-7.961551246506267e-6,0.5245182802130763,0
SANTA_CRISTINA_107,0.774616646766663,-1.6090679341750744e-5,0.9436280222029834,0
SANTA_CRISTINA_108,0.7793194500252376,-2.3289890623870172e-5,0.05623780387727595,0
SANTA_CRISTINA_11,0.7820952227172366,-2.0203748381282803e-5,0.22933194239164753,0
SANTA_CRISTINA_110,0.7736755612913446,-1.0779729474020553e-5,0.05623780387727595,0
SANTA_CRISTINA_111,0.7601354549137012,-1.5202173590158731e-5,0.17910919272672204,0
SANTA_CRISTINA_112,0.7760016417346839,-3.7220850034726174e-5,0.0770998717435418,0
SANTA_CRISTINA_113,0.7479643367188945,-1.2443100072813584e-5,0.5245182802130763,0
SANTA_CRISTINA_114,0.7870872931010258,-1.5830767931776975e-5,0.7236736098317631,0
SANTA_CRISTINA_115,0.790036797523499,-1.2102435302367081e-5,0.9436280222029834,0
SANTA_CRISTINA_116,0.7654329314806236,-6.864202590409258e-7,0.8320040285726366,0
SANTA_CRISTINA_117,0.7640883361578781,-1.4095015602606456e-5,0.8320040285726366,0
SANTA_CRISTINA_118,0.7885297961010028,-1.3421254205185265e-5,0.5245182802130763,0
SANTA_CRISTINA_119,0.7693700398255106,-1.700455160344442e-5,0.8320040285726366,0
SANTA_CRISTINA_12,0.7684039945122588,-1.305235744366918e-5,0.43667663367489096,0
SANTA_CRISTINA_13,0.7360851732071167,-2.4276922115477118e-5,0.13756389390990334,0
SANTA_CRISTINA_14,0.7593659952630738,-2.1308319431951545e-5,0.8320040285726366,0
SANTA_CRISTINA_15,0.772152249778302,-1.974541557369981e-5,0.13756389390990334,0
SANTA_CRISTINA_16,0.7634287109224798,-2.566377191595799e-5,0.013328328780817557,1
SANTA_CRISTINA_17,0.7759219964803912,-2.0089870417282653e-5,0.7236736098317631,0
SANTA_CRISTINA_18,0.7954006652057689,-2.8125741555544935e-5,0.019624414976639703,1
SANTA_CRISTINA_2,0.740278244018555,-1.673073516732316e-5,0.35797067264432814,0
SANTA_CRISTINA_20,0.77393554215094,-3.377651590654775e-5,0.013328328780817557,1
SANTA_CRISTINA_21,0.7653837039978544,-1.279561009404495e-5,0.103876157063085,0
SANTA_CRISTINA_22,0.7445574649644104,-2.7369593241117046e-6,0.8320040285726366,0
SANTA_CRISTINA_23,0.765502512454987,-2.6767085707703836e-5,0.6206179464376897,0
SANTA_CRISTINA_24,0.7645214658762693,-2.158417253899651e-5,0.43667663367489096,0
SANTA_CRISTINA_25,0.7783840500313393,-2.752126839209773e-5,0.6206179464376897,0
SANTA_CRISTINA_26,0.7735393964465287,-2.9476589398244695e-5,0.103876157063085,0
SANTA_CRISTINA_27,0.7538631473311789,-1.1775285292841876e-5,0.6206179464376897,0
SANTA_CRISTINA_28,0.7541718923243748,-2.3809737293213822e-5,0.6206179464376897,0
SANTA_CRISTINA_29,0.770123302936554,-3.0007569408170828e-5,0.013328328780817557,1
SANTA_CRISTINA_3,0.7576177358787676,-1.6790142938171702e-5,1,0
SANTA_CRISTINA_30,0.7629791252533021,-1.7875948046936766e-5,0.0770998717435418,0
SANTA_CRISTINA_31,0.7819055357851761,-3.4010595248288575e-5,0.005820666407810881,2
SANTA_CRISTINA_32,0.7787404389010306,-4.156655183303818e-5,0.103876157063085,0
SANTA_CRISTINA_33,0.7794100533006366,-2.6508753478760905e-5,0.02837726673798745,1
SANTA_CRISTINA_34,0.7786620581472246,-3.248261423887241e-5,0.013328328780817557,1
SANTA_CRISTINA_35,0.753618866205215,-1.5424337464133745e-5,0.35797067264432814,0
SANTA_CRISTINA_36,0.755828856442347,-7.310513393074104e-6,0.103876157063085,0
SANTA_CRISTINA_37,0.7845627707145602,-3.343078395317995e-5,0.5245182802130763,0
SANTA_CRISTINA_38,0.7613115482611792,-2.4429712895190528e-5,0.013328328780817557,1
SANTA_CRISTINA_39,0.7367566031036475,-1.1493946130492393e-5,0.17910919272672204,0
SANTA_CRISTINA_4,0.7388918032581981,-9.159431361820104e-6,0.2888443663464849,0
SANTA_CRISTINA_40,0.7367566031036475,-1.1493946130492393e-5,0.17910919272672204,0
SANTA_CRISTINA_41,0.761784732341766,-1.590087029557435e-5,0.2888443663464849,0
SANTA_CRISTINA_43,0.7951745841946951,-3.063350676310638e-5,0.02837726673798745,1
SANTA_CRISTINA_44,0.7647515870268466,-1.3761423265563467e-5,0.2888443663464849,0
SANTA_CRISTINA_45,0.7162997927746663,-4.558737194280511e-5,0.22933194239164753,0
SANTA_CRISTINA_46,0.7865916595739005,-2.4840878402745255e-5,0.2888443663464849,0
SANTA_CRISTINA_47,0.7642719583697304,-2.9597482160000417e-5,0.013328328780817557,1
SANTA_CRISTINA_48,0.7695080323733713,-2.1919911796158105e-5,0.17910919272672204,0
SANTA_CRISTINA_49,0.7578157280285838,-9.79272121415287e-6,0.9436280222029834,0
SANTA_CRISTINA_5,0.7412039323856969,-1.2792718675752632e-5,0.8320040285726366,0
SANTA_CRISTINA_50,0.773742997646332,-4.3795985959144234e-5,0.0014627165866811518,2
SANTA_CRISTINA_51,0.7747981285501103,1.5273527191290807e-6,0.2888443663464849,0
SANTA_CRISTINA_52,0.7623919340770089,5.271151368232694e-7,0.35797067264432814,0
SANTA_CRISTINA_53,0.767435371875763,-3.3207950613452697e-5,0.17910919272672204,0
SANTA_CRISTINA_54,0.7911170126713669,-8.385317510922253e-6,0.7236736098317631,0
SANTA_CRISTINA_55,0.7428244173171585,4.53601700334135e-8,0.5245182802130763,0
SANTA_CRISTINA_56,0.7498629912851741,-1.618121887789923e-5,0.0770998717435418,0
SANTA_CRISTINA_57,0.7831653353923842,-2.4095139664106427e-5,0.04030497436254078,1
SANTA_CRISTINA_58,0.7746106091742841,-1.3248895884894796e-5,0.9436280222029834,0
SANTA_CRISTINA_59,0.75749760866165206,-3.0207361656472514e-5,0.43667663367489096,0
SANTA_CRISTINA_6,0.7792239102274787,-2.8766318856324545e-5,0.2888443663464849,0
SANTA_CRISTINA_60,0.7596666749376243,-1.3030911733241526e-5,0.8320040285726366,0
SANTA_CRISTINA_61,0.744532568199225,-8.553152520675944e-6,0.35797067264432814,0
SANTA_CRISTINA_62,0.7935769996980572,-2.4843208153703413e-5,0.7236736098317631,0
SANTA_CRISTINA_63,0.784581205194266,-5.966144864305034e-6,0.6206179464376897,0
SANTA_CRISTINA_64,0.7583962825360857,-1.3947417409944759e-5,1,0
SANTA_CRISTINA_65,0.7940122576912308,-2.1625270208811127e-5,0.04030497436254078,1
SANTA_CRISTINA_66,0.7914807560189898,-1.3729488300372442e-5,0.5245182802130763,0
SANTA_CRISTINA_67,0.7992893723851292,-1.7237501281181526e-5,0.43667663367489096,0
SANTA_CRISTINA_68,0.7913518632374233,-1.6160674487333608e-5,1,0
SANTA_CRISTINA_69,0.7539059399692223,-5.782573724914397e-6,0.7236736098317631,0
SANTA_CRISTINA_7,0.7990272490671649,-2.4545547261587538e-5,0.17910919272672204,0
SANTA_CRISTINA_70,0.7941209554732112,-2.039838280859984e-5,0.0770998717435418,0
SANTA_CRISTINA_71,0.757126973915283,5.764283222474421e-6,0.13756389390990334,0
SANTA_CRISTINA_72,0.7467384511749878,-1.3184362811848278e-7,0.2888443663464849,0
SANTA_CRISTINA_73,0.757152029633869,2.1249468277060086e-6,0.17910919272672204,0
SANTA_CRISTINA_74,0.7845761149357648,-4.9935586108969625e-6,0.8320040285726366,0
SANTA_CRISTINA_75,0.7696363213557929,1.5606561045007508e-6,0.6206179464376897,0
SANTA_CRISTINA_76,0.77846003414402,-1.2516277093158785e-5,0.9436280222029834,0
SANTA_CRISTINA_77,0.7639661014174608,-1.3643652639288632e-5,0.9436280222029834,0
SANTA_CRISTINA_79,0.7639661014174608,-1.3643652639288632e-5,0.9436280222029834,0
SANTA_CRISTINA_8,0.739941895008087,-2.561455333404871e-5,0.35797067264432814,0
SANTA_CRISTINA_80,0.782102720584803,-3.212703428541006e-5,0.008888969943914301,2
SANTA_CRISTINA_81,0.7579382827222122,-1.2878364524411477e-5,0.9436280222029834,0
SANTA_CRISTINA_82,0.8075801106733188,-1.3527629850906912e-5,0.8320040285726366,0
SANTA_CRISTINA_83,0.7640261372716812,-5.6045722784455005e-6,0.7236736098317631,0
SANTA_CRISTINA_84,0.8015620655867705,-1.827288405407264e-5,0.17910919272672204,0
SANTA_CRISTINA_85,0.7904347099671334,-6.571174566718404e-6,0.9436280222029834,0
SANTA_CRISTINA_86,0.7747152499960167,-2.350199021559758e-6,0.6206179464376897,0
SANTA_CRISTINA_87,0.7389701923474823,-3.612557987893243e-5,0.35797067264432814,0
SANTA_CRISTINA_89,0.7145092357782664,-2.7373978146346144e-5,0.43667663367489096,0
SANTA_CRISTINA_9,0.7703532486661411,-1.0463241282442176e-5,0.103876157063085,0
SANTA_CRISTINA_90,0.7391745023556491,-2.0648822263008173e-5,0.17910919272672204,0
SANTA_CRISTINA_91,0.75968891008737,-3.961666617369982e-6,0.35797067264432814,0
SANTA_CRISTINA_93,0.7501267721363942,4.2876581147346235e-7,0.35797067264432814,0
SANTA_CRISTINA_94,0.7564285787503104,-1.3548314280971937e-5,0.7236736098317631,0
SANTA_CRISTINA_95,0.7687111875535839,-4.1286982212059113e-5,0.0014627165866811518,2
SANTA_CRISTINA_96,0.7524645541180797,-1.2342738840074475e-5,0.43667663367489096,0
SANTA_CRISTINA_97,0.7672554389626427,-1.559352129969975e-5,0.9436280222029834,0
SANTA_CRISTINA_98,0.7644516063698354,-2.284992541414391e-5,0.103876157063085,0
SANTA_CRISTINA_99,0.780741900205612,-1.5962322991315362e-5,0.9436280222029834,0
SOS_CUZZOS_1,0.746886522179622,-9.317045717625932e-6,0.6206179464376897,0
SOS_CUZZOS_10,0.7567799241637525,-1.1879549734701275e-5,1,0
SOS_CUZZOS_11,0.755746768183206,3.75544748491799e-6,0.9436280222029834,0
SOS_CUZZOS_12,0.731212240457535,-2.8940700553600838e-5,0.22933194239164753,0
SOS_CUZZOS_13,0.7565818055653712,-1.6594247964109844e-5,0.013328328780817557,1
SOS_CUZZOS_14,0.7540979123243319,-1.1671035151930134e-5,0.05623780387727595,0
SOS_CUZZOS_15,0.7556626834787914,-2.0389294239147726e-5,0.103876157063085,0
SOS_CUZZOS_16,0.7563603561193636,-2.02973983219574e-5,0.04030497436254078,1
SOS_CUZZOS_18,0.7425029383321144,-2.206798726352729e-5,0.103876157063085,0
SOS_CUZZOS_19,0.7540559467446188,-2.3517656113609537e-5,0.05623780387727595,0
SOS_CUZZOS_2,0.7398078895261896,-2.19118370551747e-5,0.35797067264432814,0
SOS_CUZZOS_20,0.7605297259756572,1.301379195868161e-5,0.103876157063085,0
SOS_CUZZOS_21,0.7825115484150267,7.118891742428465e-6,0.6206179464376897,0
SOS_CUZZOS_22,0.7598359119247042,-1.7757201162360633e-6,1,0
SOS_CUZZOS_23,0.740146994698384,-1.0932785347982348e-5,0.6206179464376897,0
SOS_CUZZOS_24,0.7544465748597315,-2.23996273293565e-5,0.2888443663464849,0
SOS_CUZZOS_25,0.7349053427005597,-2.8084851380916206e-6,0.9436280222029834,0
SOS_CUZZOS_26,0.7566385074023346,-1.241511660467252e-5,0.43667663367489096,0
SOS_CUZZOS_27,0.7391117852709286,-3.097240119054671e-6,0.5245182802130763,0
SOS_CUZZOS_28,0.7333223105855052,-3.4484659269182476e-5,0.005820666407810881,2
SOS_CUZZOS_3,0.6762581714430765,-4.6356413151864935e-5,0.019624414976639703,1
SOS_CUZZOS_31,0.7178923247218845,-2.2440855571120893e-5,0.22933194239164753,0
SOS_CUZZOS_32,0.7344238850778748,-1.1615302867280456e-5,0.2888443663464849,0
SOS_CUZZOS_37,0.720285955009712,-3.6258324567399653e-05,0.05623780387727595,0
SOS_CUZZOS_38,0.7313513413645281,-2.1219028454032118e-5,0.02837726673798745,1
SOS_CUZZOS_39,0.7209299717974316,-2.7864347850246088e-5,0.35797067264432814,0
SOS_CUZZOS_4,0.6914587020874036,-3.355036032998935e-5,0.003741903955543126,2
SOS_CUZZOS_41,0.7448754966863966,-3.6161039735768605e-5,0.0770998717435418,0
SOS_CUZZOS_42,0.739592209596132,-1.7276566420125737e-5,0.05623780387727595,0
SOS_CUZZOS_43,0.7261686295033961,-7.314353484160412e-6,0.04030497436254078,1
SOS_CUZZOS_44,0.7355307222440324,-1.044676255752374e-5,0.103876157063085,0
SOS_CUZZOS_45,0.7277529956017315,-3.738392328996698e-6,0.35797067264432814,0
SOS_CUZZOS_46,0.7460313671620907,-7.35711290003473e-6,0.02837726673798745,1
SOS_CUZZOS_47,0.739320093288553,-3.915506551603746e-6,0.35797067264432814,0
SOS_CUZZOS_48,0.7228988826397411,1.801235321692692e-7,0.6206179464376897,0
SOS_CUZZOS_49,0.7334760892417603,-1.212729791920833e-5,0.2888443663464849,0
SOS_CUZZOS_5,0.7429280205516657,-3.9113461856567015e-6,0.002361392962674657,2
SOS_CUZZOS_50,0.7311626849290753,-1.1383065878900231e-5,0.43667663367489096,0
SOS_CUZZOS_51,0.7276350490196807,-2.9185306684458302e-6,0.5245182802130763,0
SOS_CUZZOS_52,0.7016447119616629,-5.597023893508195e-5,1.7848775202400114e-4,3
SOS_CUZZOS_56,0.7074085519607547,-2.6274190713494902e-5,0.0770998717435418,0
SOS_CUZZOS_57,0.7525733934829086,-2.508101378273949e-5,0.02837726673798745,1
SOS_CUZZOS_58,0.7524695631180562,-1.9332328121924444e-5,0.003741903955543126,2
SOS_CUZZOS_59,0.7377491647992223,-4.687974492626486e-5,0.008888969943914301,2
SOS_CUZZOS_6,0.7616581593760696,-3.342716921535659e-5,0.0770998717435418,0
SOS_CUZZOS_60,0.7473467993827805,-3.299961773261108e-5,3.106603426391905e-4,3
SOS_CUZZOS_61,0.72964534163475,-3.8472708310772374e-5,0.019624414976639703,1
SOS_CUZZOS_62,0.7249352676958054,-2.375151146812076e-5,0.0770998717435418,0
SOS_CUZZOS_64,0.7160760184746757,-1.579373747508036e-5,0.17910919272672204,0
SOS_CUZZOS_66,0.676442700889943,-3.511244554049327e-5,0.17910919272672204,0
SOS_CUZZOS_68,0.7460753827243465,-2.48800933708808e-5,0.002361392962674657,2
SOS_CUZZOS_69,0.6826338091709934,-9.057084659603602e-6,0.35797067264432814,0
SOS_CUZZOS_7,0.7516724173811231,-2.4181605616876497e-5,0.005820666407810881,2
SOS_CUZZOS_70,0.6956472581973168,-1.6940610785147798e-5,0.6206179464376897,0
SOS_CUZZOS_71,0.7388780123598004,-5.4066404043261705e-5,5.305801122510547e-4,3
SOS_CUZZOS_8,0.715833019590697,-3.456567902858429e-5,0.008888969943914301,2
SOS_CUZZOS_9,0.7564423714726832,-4.008630733585228e-6,0.6206179464376897,0
TIRIEDU_1,0.6150343344447737,-3.398106254891796e-5,0.02837726673798745,1
TIRIEDU_11,0.7071804568858937,-1.1998883869665473e-5,0.7236736098317631,0
TIRIEDU_12,0.6808932413567954,1.3766380456779054e-6,0.35797067264432814,0
TIRIEDU_13,0.7253650715592848,-2.8627612366184825e-5,0.17910919272672204,0
TIRIEDU_15,0.6493724850495008,-1.2351367034966379e-5,0.5245182802130763,0
TIRIEDU_16,0.7260766610390581,-2.4262674493728068e-5,0.7236736098317631,0
TIRIEDU_19,0.6984659438118042,-3.0393360164857626e-5,0.22933194239164753,0
TIRIEDU_20,0.7349871537884889,-4.316289762323954e-5,0.008888969943914301,2
TIRIEDU_21,0.6547596960070321,-8.108246130557961e-6,0.8320040285726366,0
TIRIEDU_22,0.6865282404766644,3.4510669667002922e-6,0.2888443663464849,0
TIRIEDU_23,0.6648265160450559,1.3175397428331027e-5,0.17910919272672204,0
TIRIEDU_24,0.71107413699326,-1.6820648189381813e-5,0.43667663367489096,0
TIRIEDU_25,0.7083406673751095,1.125771146981971e-6,0.43667663367489096,0
TIRIEDU_29,0.7301320531701688,-4.237270502210723e-5,5.305801122510547e-4,3
TIRIEDU_3,0.6662069184660959,-3.650300508789159e-5,0.103876157063085,0
TIRIEDU_30,0.6269945894857005,-2.8882512289474197e-5,0.43667663367489096,0
TIRIEDU_31,0.7072876693038177,-4.1351821741225374e-06,0.8320040285726366,0
TIRIEDU_32,0.6625605856845919,-5.0620315466260956e-5,0.008888969943914301,2
TIRIEDU_33,0.6489236898544185,-4.244331820053605e-5,0.008888969943914301,2
TIRIEDU_34,0.7167300718104737,-4.370207420242472e-5,0.04030497436254078,1
TIRIEDU_35,0.7256002650432987,-1.964853357291963e-5,0.5245182802130763,0
TIRIEDU_36,0.7357000196925259,-1.568017700537347e-5,0.2888443663464849,0
TIRIEDU_37,0.7082556006176515,-3.1448712449338316e-5,0.22933194239164753,0
TIRIEDU_38,0.6881145035562646,-4.194467315312239e-5,0.003741903955543126,2
TIRIEDU_4,0.5910042014132233,-3.4557844375710636e-5,0.17910919272672204,0
TIRIEDU_40,0.7428421088638739,-4.157043984561473e-5,0.003741903955543126,2
TIRIEDU_41,0.723213572820089,-2.5968670113883335e-5,0.5245182802130763,0
TIRIEDU_42,0.7483945452984899,-1.0855390912725601e-5,0.22933194239164753,0
TIRIEDU_43,0.7195957049521284,-1.1101800845850853e-5,1,0
TIRIEDU_44,0.7235271402242068,-1.1259485240820745e-5,0.35797067264432814,0
TIRIEDU_45,0.7110941261463399,-6.324924422156639e-6,0.9436280222029834,0
TIRIEDU_46,0.691317976976841,5.524735021688132e-6,0.22933194239164753,0
TIRIEDU_47,0.7176370061964505,-9.892961334213036e-6,0.22933194239164753,0
TIRIEDU_48,0.7365460999553831,-2.1508055374506505e-5,0.17910919272672204,0
TIRIEDU_49,0.7625747502296357,-1.8225050621442262e-5,0.35797067264432814,0
TIRIEDU_5,0.737106919288635,-4.502558459910212e-6,0.7236736098317631,0
TIRIEDU_50,0.711950578071353,-8.235287896318018e-6,0.6206179464376897,0
TIRIEDU_51,0.779318332672119,-1.0633465871843962e-5,0.7236736098317631,0
TIRIEDU_52,0.7552864878569734,-1.4282757628115863e-5,0.9436280222029834,0
TIRIEDU_53,0.7555864940776251,-2.607614866682772e-5,0.13756389390990334,0
TIRIEDU_54,0.718159149558138,-1.735764728972262e-5,0.04030497436254078,1
TIRIEDU_55,0.6931501685212578,-3.169798216999046e-5,0.05623780387727595,0
TIRIEDU_56,0.6948445533031443,-1.1263969034149473e-6,0.43667663367489096,0
TIRIEDU_57,0.7596767429247905,-2.043090786901058e-5,0.05623780387727595,0
TIRIEDU_58,0.7328742539492377,-1.1869487873105919e-5,0.6206179464376897,0
TIRIEDU_59,0.6873626993694913,-5.008670605104255e-5,0.003741903955543126,2
TIRIEDU_6,0.7452924244102104,-1.5453979119250578e-5,0.9436280222029834,0
TIRIEDU_61,0.691807215866381,-1.6315126713742166e-5,0.43667663367489096,0
TIRIEDU_62,0.7093634292823299,-3.6723223368245335e-5,0.003741903955543126,2
TIRIEDU_63,0.7250317751155835,-3.356403774685404e-5,0.2888443663464849,0
TIRIEDU_65,0.6875558775790388,-5.628648762996213e-5,0.008888969943914301,2
TIRIEDU_67,0.6171895427798593,-4.991622232908151e-5,0.02837726673798745,1
TIRIEDU_69,0.7540131429056676,-3.4482142639756926e-5,3.106603426391905e-4,3
TIRIEDU_7,0.7124093088901937,8.491140301088405e-7,0.43667663367489096,0
TIRIEDU_70,0.6962768753090001,-4.4510180080112286e-5,0.13756389390990334,0
TIRIEDU_75,0.6541979712276262,-2.165766910056447e-5,0.43667663367489096,0
TIRIEDU_78,0.7212415676450028,7.5543114017823975e-06,0.05623780387727595,0
TIRIEDU_79,0.6677429971853672,-1.2798555626747643e-5,0.7236736098317631,0
TIRIEDU_8,0.7082706435202997,-1.925401175100728e-5,0.43667663367489096,0
TIRIEDU_80,0.7029500693502665,-1.509578550225416e-5,0.9436280222029834,0
TIRIEDU_82,0.706678473601376,-5.723560073995512e-6,1,0
TIRIEDU_85,0.6225736631996761,-4.543531553965112e-5,0.22933194239164753,0
TIRIEDU_9,0.7141163822799923,-3.317356867376528e-5,0.002361392962674657,2
TROGOS_1,0.7668619440732862,-6.566980268637467e-5,1.7848775202400114e-4,3
TROGOS_11,0.7557285352620706,2.609630331278999e-6,0.17910919272672204,0
TROGOS_14,0.6742482393160758,1.7223450678745727e-5,0.5245182802130763,0
TROGOS_15,0.7313142951645178,-1.971715696092975e-5,0.9436280222029834,0
TROGOS_16,0.7683592823920422,-2.2744394193247642e-5,0.6206179464376897,0
TROGOS_18,0.8046691525736579,-1.9307627584233618e-5,0.17910919272672204,0
TROGOS_19,0.7708683162308797,-2.0790113003353154e-5,0.6206179464376897,0
TROGOS_2,0.7671413505077491,2.1994981206073944e-6,0.02837726673798745,0
TROGOS_20,0.7020925814285884,-7.600276616061399e-5,5.305801122510547e-4,3
TROGOS_21,0.7516780107543399,-7.028417894900705e-5,5.305801122510547e-4,3
TROGOS_22,0.7384898105681654,-5.6373917282563434e-5,0.005820666407810881,2
TROGOS_24,0.6832378031278608,-4.26210600409239e-5,0.008888969943914301,2
TROGOS_25,0.7538996159576508,-3.5761226580712755e-5,0.05623780387727595,0
TROGOS_27,0.7199825844228505,-8.223693273163153e-5,0.0014627165866811518,2
TROGOS_3,0.7646945875165966,-1.287709656854366e-5,0.8320040285726366,0
TROGOS_32,0.6982765533878168,-6.15006217929197e-5,0.04030497436254078,1
TROGOS_35,0.698602139949799,-7.10908338218046e-5,0.0014627165866811518,2
TROGOS_36,0.666674691435001,-5.242099136834602e-5,0.0770998717435418,0
TROGOS_37,0.7619874430246967,-7.830857742056627e-5,3.106603426391905e-4,3
TROGOS_4,0.7493074880501738,-1.642519453584963e-5,0.6206179464376897,0
TROGOS_41,0.584477983265056,7.303310392876513e-6,0.35797067264432814,0
TROGOS_42,0.709777235984802,-5.8297577289085283e-5,0.003741903955543126,2
TROGOS_44,0.7735248755786508,-9.594945106505426e-6,0.8320040285726366,0
TROGOS_45,0.6504614016918842,-4.6542324409178776e-5,0.05623780387727595,0
TROGOS_46,0.7330106952587975,-2.2331982701321488e-5,0.05623780387727595,0
TROGOS_48,0.6806262065373088,7.205683887619203e-6,0.2888443663464849,0
TROGOS_5,0.771982610225677,-2.070046616099498e-5,0.35797067264432814,0
TROGOS_54,0.733148022652908,-1.76183746462802e-5,0.8320040285726366,0
TROGOS_6,0.6978452713502528,-4.965887365908379e-5,0.04030497436254078,1
TROGOS_7,0.715796252091725,-2.9934949165335903e-5,0.35797067264432814,0
TROGOS_9,0.7697317904468155,-2.0752393243920453e-5,0.6206179464376897,0
